date,deltaConfirmed,deltaDeceased,deltaRecovered,deltaVaccinated,delta7Confirmed,delta7Deceased,delta7Recovered,delta7Vaccinated,totalConfirmed,totalDeceased,totalRecovered,totalVaccinated,weekday,variantsOfConcernReported
2020-03-02,1.0,0.0,0.0,0.0,0.0,0.0,0.0,0.0,1.0,0.0,0.0,0.0,0.0,0.005154639175257732
2020-03-03,0.0,0.0,0.0,0.0,0.0,0.0,0.0,0.0,1.0,0.0,0.0,0.0,0.16666666666666666,0.03608247422680412
2020-03-04,0.0,0.0,0.0,0.0,0.0,0.0,0.0,0.0,1.0,0.0,0.0,0.0,0.3333333333333333,0.0
2020-03-05,1.0,0.0,0.0,0.0,5.647962497529017e-06,0.0,0.0,0.0,2.0,0.0,0.0,0.0,0.5,0.0
2020-03-06,1.0,0.0,0.0,0.0,1.1295924995058033e-05,0.0,0.0,0.0,3.0,0.0,0.0,0.0,0.6666666666666666,0.0
2020-03-07,0.0,0.0,0.0,0.0,1.1295924995058033e-05,0.0,0.0,0.0,3.0,0.0,0.0,0.0,0.8333333333333333,0.005154639175257732
2020-03-08,0.0,0.0,0.0,0.0,1.1295924995058033e-05,0.0,0.0,0.0,3.0,0.0,0.0,0.0,1.0,0.0
2020-03-09,1.0,0.0,0.0,0.0,1.1295924995058033e-05,0.0,0.0,0.0,4.0,0.0,0.0,0.0,0.0,0.005154639175257732
2020-03-10,0.0,0.0,0.0,0.0,1.1295924995058033e-05,0.0,0.0,0.0,4.0,0.0,0.0,0.0,0.16666666666666666,0.06701030927835051
2020-03-11,1.0,0.0,0.0,0.0,1.694388749258705e-05,0.0,0.0,0.0,5.0,0.0,0.0,0.0,0.3333333333333333,0.010309278350515464
2020-03-12,1.0,0.0,0.0,0.0,1.694388749258705e-05,0.0,0.0,0.0,6.0,0.0,0.0,0.0,0.5,0.03608247422680412
2020-03-13,1.0,0.0,0.0,0.0,1.694388749258705e-05,0.0,0.0,0.0,7.0,0.0,0.0,0.0,0.6666666666666666,0.015463917525773196
2020-03-14,0.0,0.0,0.0,0.0,1.694388749258705e-05,0.0,0.0,0.0,7.0,0.0,0.0,0.0,0.8333333333333333,0.0
2020-03-15,0.0,0.0,0.0,0.0,1.694388749258705e-05,0.0,0.0,0.0,7.0,0.0,0.0,0.0,1.0,0.020618556701030927
2020-03-16,0.0,0.0,0.0,0.0,1.1295924995058033e-05,0.0,0.0,0.0,7.0,0.0,0.0,0.0,0.0,0.02577319587628866
2020-03-17,3.0,0.0,0.0,0.0,2.8239812487645084e-05,0.0,0.0,0.0,10.0,0.0,0.0,0.0,0.16666666666666666,0.041237113402061855
2020-03-18,1.0,0.0,0.0,0.0,2.8239812487645084e-05,0.0,0.0,0.0,11.0,0.0,0.0,0.0,0.3333333333333333,0.04639175257731959
2020-03-19,3.0,0.0,0.0,0.0,3.9535737482703114e-05,0.0,0.0,0.0,14.0,0.0,0.0,0.0,0.5,0.02577319587628866
2020-03-20,6.0,0.0,0.0,0.0,6.77755499703482e-05,0.0,0.0,0.0,20.0,0.0,0.0,0.0,0.6666666666666666,0.005154639175257732
2020-03-21,7.0,0.0,0.0,0.0,0.00010731128745305131,0.0,0.0,0.0,27.0,0.0,0.0,0.0,0.8333333333333333,0.015463917525773196
2020-03-22,1.0,0.0,0.0,0.0,0.00011295924995058033,0.0,0.0,0.0,28.0,0.0,0.0,0.0,1.0,0.015463917525773196
2020-03-23,2.0,0.0,0.0,0.0,0.0001242551749456384,0.0,0.0,0.0,30.0,0.0,0.0,0.0,0.0,0.015463917525773196
2020-03-24,0.0,0.0,0.0,0.0,0.00010731128745305131,0.0,0.0,0.0,30.0,0.0,0.0,0.0,0.16666666666666666,0.015463917525773196
2020-03-25,5.0,0.0,0.0,0.0,0.0001299031374431674,0.0,0.0,0.0,35.0,0.0,0.0,0.0,0.3333333333333333,0.02577319587628866
2020-03-26,4.0,0.0,0.0,0.0,0.0001355510999406964,0.0,0.0,0.0,39.0,0.0,0.0,0.0,0.5,0.05154639175257732
2020-03-27,1.0,0.0,0.0,0.0,0.00010731128745305131,0.0,0.0,0.0,40.0,0.0,0.0,0.0,0.6666666666666666,0.010309278350515464
2020-03-28,9.0,0.0,0.0,0.0,0.00011860721244810934,0.0,0.0,0.0,49.0,0.0,0.0,0.0,0.8333333333333333,0.05670103092783505
2020-03-29,23.0,2.0,6.0,0.0,0.00024286238739374772,0.0007178750897343862,3.596798849024368e-05,0.0,72.0,2.0,6.0,0.0,1.0,0.11855670103092783
2020-03-30,25.0,0.0,0.0,0.0,0.00037276552483691514,0.0007178750897343862,3.596798849024368e-05,0.0,97.0,2.0,6.0,0.0,0.0,0.06701030927835051
2020-03-31,23.0,0.0,0.0,0.0,0.0005026686622800824,0.0007178750897343862,3.596798849024368e-05,0.0,120.0,2.0,6.0,0.0,0.16666666666666666,0.14432989690721648
2020-04-01,32.0,0.0,0.0,0.0,0.0006551636497133658,0.0007178750897343862,3.596798849024368e-05,0.0,152.0,2.0,6.0,0.0,0.3333333333333333,0.15463917525773196
2020-04-02,141.0,2.0,2.0,0.0,0.001428934511874841,0.0014357501794687725,4.795731798699158e-05,0.0,293.0,4.0,8.0,0.0,0.5,0.12886597938144329
2020-04-03,93.0,2.0,0.0,0.0,0.0019485470616475108,0.0021536252692031586,4.795731798699158e-05,0.0,386.0,6.0,8.0,0.0,0.6666666666666666,0.04639175257731959
2020-04-04,59.0,0.0,8.0,0.0,0.002230945186523962,0.0021536252692031586,9.591463597398316e-05,0.0,445.0,6.0,16.0,0.0,0.8333333333333333,0.07216494845360824
2020-04-05,58.0,1.0,0.0,0.0,0.0024286238739374775,0.0017946877243359657,5.9946647483739474e-05,0.0,503.0,7.0,16.0,0.0,1.0,0.12371134020618557
2020-04-06,22.0,0.0,0.0,0.0,0.0024116799864448905,0.0017946877243359657,5.9946647483739474e-05,0.0,525.0,7.0,16.0,0.0,0.0,0.08247422680412371
2020-04-07,51.0,2.0,4.0,0.0,0.002569822936375703,0.002512562814070352,8.392530647723527e-05,0.0,576.0,9.0,20.0,0.0,0.16666666666666666,0.08762886597938144
2020-04-08,93.0,0.0,1.0,0.0,0.002914348648724973,0.002512562814070352,8.99199712256092e-05,0.0,669.0,9.0,21.0,0.0,0.3333333333333333,0.041237113402061855
2020-04-09,51.0,3.0,4.0,0.0,0.0024060320239473612,0.002871500358937545,0.00010190930072235711,0.0,720.0,12.0,25.0,0.0,0.5,0.07731958762886598
2020-04-10,183.0,2.0,2.0,0.0,0.002914348648724973,0.002871500358937545,0.000113898630219105,0.0,903.0,14.0,27.0,0.0,0.6666666666666666,0.03608247422680412
2020-04-11,166.0,5.0,0.0,0.0,0.0035186806359605778,0.00466618808327351,6.594131223211343e-05,0.0,1069.0,19.0,27.0,0.0,0.8333333333333333,0.030927835051546393
2020-04-12,85.0,5.0,1.0,0.0,0.003671175623393861,0.006101938262742283,7.193597698048736e-05,0.0,1154.0,24.0,28.0,0.0,1.0,0.05670103092783505
2020-04-13,356.0,4.0,3.0,0.0,0.0055575950975685524,0.007537688442211056,8.99199712256092e-05,0.0,1510.0,28.0,31.0,0.0,0.0,0.0979381443298969
2020-04-14,51.0,2.0,0.0,0.0,0.0055575950975685524,0.007537688442211056,6.594131223211343e-05,0.0,1561.0,30.0,31.0,0.0,0.16666666666666666,0.10309278350515463
2020-04-15,17.0,2.0,10.0,0.0,0.005128349947756347,0.008255563531945441,0.00011989329496747895,0.0,1578.0,32.0,41.0,0.0,0.3333333333333333,0.0979381443298969
2020-04-16,62.0,6.0,11.0,0.0,0.005190477535229166,0.00933237616654702,0.00016185594820609657,0.0,1640.0,38.0,52.0,0.0,0.5,0.13917525773195877
2020-04-17,67.0,4.0,20.0,0.0,0.0045353138855158005,0.010050251256281407,0.0002697599136768276,0.0,1707.0,42.0,72.0,0.0,0.6666666666666666,0.020618556701030927
2020-04-18,186.0,1.0,135.0,0.0,0.004648273135466381,0.008614501076812634,0.0010790396547073105,0.0,1893.0,43.0,207.0,0.0,0.8333333333333333,0.03608247422680412
2020-04-19,110.0,2.0,83.0,0.0,0.004789472197904606,0.007537688442211056,0.0015706021640739742,0.0,2003.0,45.0,290.0,0.0,1.0,0.07731958762886598
2020-04-20,78.0,2.0,141.0,0.0,0.00321933862359154,0.0068198133524766695,0.002397865899349579,0.0,2081.0,47.0,431.0,0.0,0.0,0.15463917525773196
2020-04-21,75.0,0.0,180.0,0.0,0.003354889723532236,0.006101938262742283,0.0034769055540568895,0.0,2156.0,47.0,611.0,0.0,0.16666666666666666,0.07731958762886598
2020-04-22,92.0,1.0,113.0,0.0,0.0037784869108469124,0.00574300071787509,0.004094356023139406,0.0,2248.0,48.0,724.0,0.0,0.3333333333333333,0.041237113402061855
2020-04-23,128.0,2.0,84.0,0.0,0.004151252435683828,0.004307250538406317,0.004531966549770704,0.0,2376.0,50.0,808.0,0.0,0.5,0.08247422680412371
2020-04-24,138.0,3.0,49.0,0.0,0.004552257773008388,0.003948312993539124,0.004705811827473549,0.0,2514.0,53.0,857.0,0.0,0.6666666666666666,0.04639175257731959
2020-04-25,111.0,1.0,12.0,0.0,0.0041286605856937116,0.003948312993539124,0.003968468063423553,0.0,2625.0,54.0,869.0,0.0,0.8333333333333333,0.061855670103092786
2020-04-26,293.0,0.0,8.0,0.0,0.005162237722741521,0.003230437903804738,0.0035188682072955072,0.0,2918.0,54.0,877.0,0.0,1.0,0.12371134020618557
2020-04-27,190.0,0.0,0.0,0.0,0.005794809522464772,0.002512562814070352,0.0026736204777747805,0.0,3108.0,54.0,877.0,0.0,0.0,0.16494845360824742
2020-04-28,206.0,0.0,201.0,0.0,0.006534692609641073,0.002512562814070352,0.002799508437490633,0.0,3314.0,54.0,1078.0,0.0,0.16666666666666666,0.10309278350515463
2020-04-29,125.0,2.0,14.0,0.0,0.00672107537205953,0.002871500358937545,0.0022060366274016126,0.0,3439.0,56.0,1092.0,0.0,0.3333333333333333,0.211340206185567
2020-04-30,76.0,3.0,2.0,0.0,0.006427381322188021,0.003230437903804738,0.001714474118034949,0.0,3515.0,59.0,1094.0,0.0,0.5,0.09278350515463918
2020-05-01,223.0,2.0,73.0,0.0,0.006907458134477988,0.002871500358937545,0.0018583460719959236,0.0,3738.0,61.0,1167.0,0.0,0.6666666666666666,0.20618556701030927
2020-05-02,384.0,3.0,89.0,0.0,0.008449351896303409,0.0035893754486719313,0.0023199352576207177,0.0,4122.0,64.0,1256.0,0.0,0.8333333333333333,0.20103092783505155
2020-05-03,427.0,0.0,106.0,0.0,0.009206178870972297,0.0035893754486719313,0.002907412402961364,0.0,4549.0,64.0,1362.0,0.0,1.0,0.28350515463917525
2020-05-04,349.0,0.0,69.0,0.0,0.01010420490807941,0.0035893754486719313,0.0033210442705991668,0.0,4898.0,64.0,1431.0,0.0,0.0,0.18556701030927836
2020-05-05,206.0,0.0,37.0,0.0,0.01010420490807941,0.0035893754486719313,0.0023379192518658393,0.0,5104.0,64.0,1468.0,0.0,0.16666666666666666,0.15463917525773196
2020-05-06,428.0,1.0,74.0,0.0,0.011815537544830702,0.003230437903804738,0.002697599136768276,0.0,5532.0,65.0,1542.0,0.0,0.3333333333333333,0.17010309278350516
2020-05-07,448.0,1.0,389.0,0.0,0.013916579593911498,0.002512562814070352,0.005017534394388994,0.0,5980.0,66.0,1931.0,0.0,0.5,0.19072164948453607
2020-05-08,338.0,2.0,89.0,0.0,0.014566095281127334,0.002512562814070352,0.005113449030362977,0.0,6318.0,68.0,2020.0,0.0,0.6666666666666666,0.08247422680412371
2020-05-09,224.0,0.0,0.0,0.0,0.013662421281522692,0.0014357501794687725,0.004579923867757696,0.0,6542.0,68.0,2020.0,0.0,0.8333333333333333,0.14432989690721648
2020-05-10,381.0,5.0,49.0,0.0,0.013402615006636356,0.003230437903804738,0.00423822797710038,0.0,6923.0,73.0,2069.0,0.0,1.0,0.17525773195876287
2020-05-11,310.0,0.0,60.0,0.0,0.013182344469232726,0.003230437903804738,0.004184275994365015,0.0,7233.0,73.0,2129.0,0.0,0.0,0.18041237113402062
2020-05-12,406.0,13.0,383.0,0.0,0.01431193696873853,0.007896625987078248,0.006258429997302401,0.0,7639.0,86.0,2512.0,0.0,0.16666666666666666,0.22164948453608246
2020-05-13,359.0,20.0,346.0,0.0,0.013922227556409027,0.014716439339554918,0.007888978808860114,0.0,7998.0,106.0,2858.0,0.0,0.3333333333333333,0.21649484536082475
2020-05-14,472.0,9.0,187.0,0.0,0.014057778656349723,0.017587939698492462,0.006678056529688578,0.0,8470.0,115.0,3045.0,0.0,0.5,0.20103092783505155
2020-05-15,425.0,8.0,473.0,0.0,0.014549151393634748,0.01974156496769562,0.008980007793064173,0.0,8895.0,123.0,3518.0,0.0,0.6666666666666666,0.19072164948453607
2020-05-16,438.0,6.0,408.0,0.0,0.015757815368105957,0.02189519023689878,0.011425831010400744,0.0,9333.0,129.0,3926.0,0.0,0.8333333333333333,0.18556701030927836
2020-05-17,422.0,19.0,276.0,0.0,0.015989381830504645,0.026920315865039485,0.01278661990828163,0.0,9755.0,148.0,4202.0,0.0,1.0,0.2268041237113402
2020-05-18,299.0,12.0,283.0,0.0,0.015927254243031826,0.031227566403445803,0.01412343014716902,0.0,10054.0,160.0,4485.0,0.0,0.0,0.32989690721649484
2020-05-19,500.0,6.0,265.0,0.0,0.016458162717799554,0.02871500358937545,0.013416059706860894,0.0,10554.0,166.0,4750.0,0.0,0.16666666666666666,0.28350515463917525
2020-05-20,534.0,10.0,442.0,0.0,0.01744655615486713,0.02512562814070352,0.013991547522704793,0.0,11088.0,176.0,5192.0,0.0,0.3333333333333333,0.17010309278350516
2020-05-21,571.0,18.0,375.0,0.0,0.018005704442122503,0.028356066044508257,0.015118544495399094,0.0,11659.0,194.0,5567.0,0.0,0.5,0.3711340206185567
2020-05-22,660.0,14.0,330.0,0.0,0.019332975629041824,0.030509691313711416,0.014261307436381621,0.0,12319.0,208.0,5897.0,0.0,0.6666666666666666,0.14948453608247422
2020-05-23,591.0,23.0,370.0,0.0,0.020197113891163763,0.0366116295764537,0.01403351017594341,0.0,12910.0,231.0,6267.0,0.0,0.8333333333333333,0.28865979381443296
2020-05-24,508.0,30.0,273.0,0.0,0.020682838665951258,0.040559942569992825,0.014015526181698289,0.0,13418.0,261.0,6540.0,0.0,1.0,0.28865979381443296
2020-05-25,635.0,15.0,231.0,0.0,0.02258055406512101,0.0416367552045944,0.013703803614782843,0.0,14053.0,276.0,6771.0,0.0,0.0,0.4742268041237113
2020-05-26,412.0,12.0,183.0,0.0,0.022083533365338453,0.04379038047379756,0.01321224110541618,0.0,14465.0,288.0,6954.0,0.0,0.16666666666666666,0.26804123711340205
2020-05-27,792.0,15.0,310.0,0.0,0.02354070768970094,0.04558506819813353,0.012420945358630819,0.0,15257.0,303.0,7264.0,0.0,0.3333333333333333,0.32989690721649484
2020-05-28,1024.0,13.0,231.0,0.0,0.026099234701081584,0.04379038047379756,0.01155771363486497,0.0,16281.0,316.0,7495.0,0.0,0.5,0.3865979381443299
2020-05-29,1105.0,82.0,351.0,0.0,0.028612578012481998,0.0681981335247667,0.011683601594580824,0.0,17386.0,398.0,7846.0,0.0,0.6666666666666666,0.14432989690721648
2020-05-30,1163.0,18.0,229.0,0.0,0.0318432125610686,0.06640344580043073,0.010838353865060097,0.0,18549.0,416.0,8075.0,0.0,0.8333333333333333,0.20618556701030927
2020-05-31,1295.0,57.0,403.0,0.0,0.036288159046623934,0.07609475951184494,0.01161766028234871,0.0,19844.0,473.0,8478.0,0.0,1.0,0.05154639175257732
2020-06-01,990.0,50.0,268.0,0.0,0.038293185733246735,0.0886575735821967,0.011839462878038547,0.0,20834.0,523.0,8746.0,0.0,0.0,0.14432989690721648
2020-06-02,1298.0,33.0,497.0,0.0,0.04329728050605744,0.09619526202440776,0.013721787609027964,0.0,22132.0,556.0,9243.0,0.0,0.16666666666666666,0.14948453608247422
2020-06-03,1513.0,59.0,299.0,0.0,0.04736946146677586,0.11198851399856426,0.013655846296795851,0.0,23645.0,615.0,9542.0,0.0,0.3333333333333333,0.211340206185567
2020-06-04,1359.0,44.0,356.0,0.0,0.04926152890344808,0.12311557788944724,0.014405179390342596,0.0,25004.0,659.0,9898.0,0.0,0.5,0.22164948453608246
2020-06-05,1330.0,49.0,417.0,0.0,0.05053232046539211,0.11127063890882986,0.014800827263735276,0.0,26334.0,708.0,10315.0,0.0,0.6666666666666666,0.25257731958762886
2020-06-06,1320.0,53.0,349.0,0.0,0.05141905057750416,0.12383345297918162,0.01552018703354015,0.0,27654.0,761.0,10664.0,0.0,0.8333333333333333,0.11855670103092783
2020-06-07,1282.0,51.0,335.0,0.0,0.05134562706503629,0.12167982770997847,0.015112549830650721,0.0,28936.0,812.0,10999.0,0.0,1.0,0.04639175257731959
2020-06-08,1007.0,62.0,358.0,0.0,0.051441642427494286,0.1259870782483848,0.015652069658004378,0.0,29943.0,874.0,11357.0,0.0,0.0,0.24742268041237114
2020-06-09,1366.0,31.0,504.0,0.0,0.051825703877326254,0.1252692031586504,0.015694032311242993,0.0,31309.0,905.0,11861.0,0.0,0.16666666666666666,0.15979381443298968
2020-06-10,1501.0,79.0,384.0,0.0,0.05175792832735591,0.13244795405599427,0.01620357881485478,0.0,32810.0,984.0,12245.0,0.0,0.3333333333333333,0.1958762886597938
2020-06-11,1877.0,101.0,486.0,0.0,0.054683572901075936,0.15290739411342427,0.01698288523214339,0.0,34687.0,1085.0,12731.0,0.0,0.5,0.34536082474226804
2020-06-12,2137.0,129.0,667.0,0.0,0.05924147863658186,0.18162239770279973,0.01848155141923688,0.0,36824.0,1214.0,13398.0,0.0,0.6666666666666666,0.37628865979381443
2020-06-13,2134.0,57.0,1547.0,0.0,0.06383892010957049,0.18305814788226848,0.025663159787788867,0.0,38958.0,1271.0,14945.0,0.0,0.8333333333333333,0.20618556701030927
2020-06-14,2224.0,56.0,878.0,0.0,0.06915930078224282,0.18485283560660445,0.028918262746155922,0.0,41182.0,1327.0,15823.0,0.0,1.0,0.05154639175257732
2020-06-15,1647.0,73.0,604.0,0.0,0.07277399678066139,0.18880114860014358,0.03039295027425591,0.0,42829.0,1400.0,16427.0,0.0,0.0,0.35051546391752575
2020-06-16,1859.0,437.0,73.0,0.0,0.0755584422919432,0.334529791816224,0.02780924976770674,0.0,44688.0,1837.0,16500.0,0.0,0.16666666666666666,0.21649484536082475
2020-06-17,2414.0,67.0,957.0,0.0,0.08071503205218718,0.3302225412778177,0.031244192668525014,0.0,47102.0,1904.0,17457.0,0.0,0.3333333333333333,0.5051546391752577
2020-06-18,2877.0,65.0,3884.0,0.0,0.0863629945497162,0.3173007896625987,0.051614063483499686,0.0,49979.0,1969.0,21341.0,0.0,0.5,0.5463917525773195
2020-06-19,3137.0,66.0,2228.0,0.0,0.09201095704724521,0.2946877243359656,0.060971735155711415,0.0,53116.0,2035.0,23569.0,0.0,0.6666666666666666,0.211340206185567
2020-06-20,3630.0,77.0,7725.0,0.0,0.10046030894354863,0.3018664752333094,0.09800677397116567,0.0,56746.0,2112.0,31294.0,0.0,0.8333333333333333,0.30927835051546393
2020-06-21,3000.0,63.0,1719.0,0.0,0.10484312784163115,0.30437903804737976,0.10304828702454816,0.0,59746.0,2175.0,33013.0,0.0,1.0,0.05154639175257732
2020-06-22,2909.0,58.0,3589.0,0.0,0.11197085651351277,0.2989949748743719,0.12094236129844439,0.0,62655.0,2233.0,36602.0,0.0,0.0,0.14432989690721648
2020-06-23,3947.0,68.0,2711.0,0.0,0.12376380220835335,0.1665470208183776,0.13675628690465486,0.0,66602.0,2301.0,39313.0,0.0,0.16666666666666666,0.06701030927835051
2020-06-24,3788.0,64.0,2124.0,0.0,0.1315241026799582,0.16547020818377603,0.14375206066600726,0.0,70390.0,2365.0,41437.0,0.0,0.3333333333333333,0.015463917525773196
2020-06-25,3390.0,64.0,3328.0,0.0,0.1344215074411906,0.16511127063890885,0.14041902706591133,0.0,73780.0,2429.0,44765.0,0.0,0.5,0.2422680412371134
2020-06-26,3460.0,63.0,2326.0,0.0,0.13624579932789246,0.16403445800430724,0.141006504211252,0.0,77240.0,2492.0,47091.0,0.0,0.6666666666666666,0.08247422680412371
2020-06-27,2948.0,66.0,2210.0,0.0,0.13239388890457768,0.16008614501076812,0.10794592812396966,0.0,80188.0,2558.0,49301.0,0.0,0.8333333333333333,0.041237113402061855
2020-06-28,2889.0,65.0,3306.0,0.0,0.13176696506735197,0.16080402010050251,0.11745946107963912,0.0,83077.0,2623.0,52607.0,0.0,1.0,0.02577319587628866
2020-06-29,2084.0,57.0,3628.0,0.0,0.12710739600689053,0.16044508255563533,0.11769325300482571,0.0,85161.0,2680.0,56235.0,0.0,0.0,0.14432989690721648
2020-06-30,2199.0,62.0,2113.0,0.0,0.11723475756120981,0.15829145728643218,0.11410844348529808,0.0,87360.0,2742.0,58348.0,0.0,0.16666666666666666,0.13402061855670103
2020-07-01,2442.0,61.0,1644.0,0.0,0.10963260003953575,0.15721464465183058,0.1112310044060786,0.0,89802.0,2803.0,59992.0,0.0,0.3333333333333333,0.10309278350515463
2020-07-02,2373.0,61.0,3015.0,0.0,0.10388862217954874,0.156137832017229,0.10935467433983755,0.0,92175.0,2864.0,63007.0,0.0,0.5,0.061855670103092786
2020-07-03,2520.0,59.0,2617.0,0.0,0.09857953743187146,0.15470208183776024,0.11109912178161437,0.0,94695.0,2923.0,65624.0,0.0,0.6666666666666666,0.07216494845360824
2020-07-04,2505.0,81.0,2632.0,0.0,0.0960774900454661,0.16008614501076812,0.11362887030542818,0.0,97200.0,3004.0,68256.0,0.0,0.8333333333333333,0.28350515463917525
2020-07-05,2244.0,63.0,3083.0,0.0,0.09243455423455989,0.15936826992103376,0.11229206006654079,0.0,99444.0,3067.0,71339.0,0.0,1.0,0.005154639175257732
2020-07-06,1379.0,48.0,749.0,0.0,0.08845274067380193,0.156137832017229,0.09503342025597218,0.0,100823.0,3115.0,72088.0,0.0,0.0,0.17525773195876287
2020-07-07,2008.0,50.0,2129.0,0.0,0.08737397983677389,0.1518305814788227,0.09512933489194617,0.0,102831.0,3165.0,74217.0,0.0,0.16666666666666666,0.05670103092783505
2020-07-08,2033.0,48.0,3982.0,0.0,0.08506396317528453,0.14716439339554918,0.10914486107364446,0.0,104864.0,3213.0,78199.0,0.0,0.3333333333333333,0.08762886597938144
2020-07-09,2187.0,45.0,4027.0,0.0,0.08401344215074413,0.1414213926776741,0.1152114617989989,0.0,107051.0,3258.0,82226.0,0.0,0.5,0.05670103092783505
2020-07-10,2089.0,42.0,2468.0,0.0,0.08157917031430913,0.13531945441493182,0.11431825675149117,0.0,109140.0,3300.0,84694.0,0.0,0.6666666666666666,0.05670103092783505
2020-07-11,1781.0,34.0,2998.0,0.0,0.07749004546609811,0.11844938980617373,0.11651230404939604,0.0,110921.0,3334.0,87692.0,0.0,0.8333333333333333,0.10309278350515463
2020-07-12,1573.0,37.0,2276.0,0.0,0.07370026263025614,0.10911701363962671,0.11167460959745826,0.0,112494.0,3371.0,89968.0,0.0,1.0,0.015463917525773196
2020-07-13,1246.0,40.0,1344.0,0.0,0.07294908361808479,0.10624551328068917,0.11524143512274077,0.0,113740.0,3411.0,91312.0,0.0,0.0,0.04639175257731959
2020-07-14,1606.0,35.0,1924.0,0.0,0.07067860269407812,0.10086145010768127,0.1140125288493241,0.0,115346.0,3446.0,93236.0,0.0,0.16666666666666666,0.36597938144329895
2020-07-15,1647.0,41.0,2463.0,0.0,0.06849848917003191,0.09834888729361091,0.10490663309654408,0.0,116993.0,3487.0,95699.0,0.0,0.3333333333333333,0.15463917525773196
2020-07-16,1652.0,58.0,1994.0,0.0,0.0654768292338539,0.10301507537688442,0.09271947966309985,0.0,118645.0,3545.0,97693.0,0.0,0.5,0.05154639175257732
2020-07-17,1462.0,26.0,1608.0,0.0,0.061935556747903193,0.09727207465900933,0.08756406797949824,0.0,120107.0,3571.0,99301.0,0.0,0.6666666666666666,0.05670103092783505
2020-07-18,1475.0,26.0,1973.0,0.0,0.060207280223659315,0.09440057430007179,0.08141953661241495,0.0,121582.0,3597.0,101274.0,0.0,0.8333333333333333,0.14948453608247422
2020-07-19,1211.0,31.0,1860.0,0.0,0.058162717799553815,0.09224694903086864,0.07892575607709139,0.0,122793.0,3628.0,103134.0,0.0,1.0,0.07731958762886598
2020-07-20,954.0,35.0,1784.0,0.0,0.05651351275027534,0.09045226130653267,0.08156340856637592,0.0,123747.0,3663.0,104918.0,0.0,0.0,0.07216494845360824
2020-07-21,1349.0,27.0,1200.0,0.0,0.05506198638841038,0.08758076094759512,0.07722327128855319,0.0,125096.0,3690.0,106118.0,0.0,0.16666666666666666,0.061855670103092786
2020-07-22,1227.0,29.0,1532.0,0.0,0.0526898421394482,0.0832735104091888,0.07164223840781704,0.0,126323.0,3719.0,107650.0,0.0,0.3333333333333333,0.11855670103092783
2020-07-23,1041.0,26.0,1415.0,0.0,0.049238937053457964,0.07178750897343862,0.06817132751850853,0.0,127364.0,3745.0,109065.0,0.0,0.5,0.08247422680412371
2020-07-24,1025.0,32.0,1866.0,0.0,0.04677077744203779,0.07394113424264179,0.069717951023589,0.0,128389.0,3777.0,110931.0,0.0,0.6666666666666666,0.10309278350515463
2020-07-25,1142.0,29.0,2137.0,0.0,0.044890005930360626,0.07501794687724336,0.07070107604232233,0.0,129531.0,3806.0,113068.0,0.0,0.8333333333333333,0.08247422680412371
2020-07-26,1075.0,21.0,1807.0,0.0,0.044121883030696675,0.07142857142857142,0.07038335881065852,0.0,130606.0,3827.0,114875.0,0.0,1.0,0.05154639175257732
2020-07-27,613.0,26.0,1497.0,0.0,0.04219592781903928,0.0681981335247667,0.06866289002787519,0.0,131219.0,3853.0,116372.0,0.0,0.0,0.10309278350515463
2020-07-28,1056.0,28.0,1135.0,0.0,0.04054107480726328,0.0685570710696339,0.06827323681923088,0.0,132275.0,3881.0,117507.0,0.0,0.16666666666666666,0.061855670103092786
2020-07-29,1035.0,26.0,1126.0,0.0,0.03945666600773771,0.0674802584350323,0.06583940293139107,0.0,133310.0,3907.0,118633.0,0.0,0.3333333333333333,0.35051546391752575
2020-07-30,1093.0,29.0,1091.0,0.0,0.03975036005760922,0.0685570710696339,0.0638971315529179,0.0,134403.0,3936.0,119724.0,0.0,0.5,0.0979381443298969
2020-07-31,1195.0,27.0,1206.0,0.0,0.04071051368218915,0.06676238334529792,0.0599406528189911,0.0,135598.0,3963.0,120930.0,0.0,0.6666666666666666,0.05154639175257732
2020-08-01,1118.0,26.0,1201.0,0.0,0.04057496258224846,0.06568557071069635,0.05432964661451308,0.0,136716.0,3989.0,122131.0,0.0,0.8333333333333333,0.1958762886597938
2020-08-02,961.0,15.0,1186.0,0.0,0.039931094857530144,0.06353194544149318,0.050606959805772865,0.0,137677.0,4004.0,123317.0,0.0,1.0,0.5154639175257731
2020-08-03,805.0,17.0,937.0,0.0,0.04101550365705572,0.06030150753768845,0.04724994754668345,0.0,138482.0,4021.0,124254.0,0.0,0.0,0.17010309278350516
2020-08-04,674.0,12.0,972.0,0.0,0.03885798198299963,0.054558506819813356,0.0462728171926985,0.0,139156.0,4033.0,125226.0,0.0,0.16666666666666666,0.07731958762886598
2020-08-05,1076.0,11.0,890.0,0.0,0.039089548445398324,0.049174443646805455,0.044858076312082246,0.0,140232.0,4044.0,126116.0,0.0,0.3333333333333333,0.10309278350515463
2020-08-06,1299.0,15.0,1008.0,0.0,0.040253028719889304,0.04414931801866476,0.04436051913796721,0.0,141531.0,4059.0,127124.0,0.0,0.5,0.08247422680412371
2020-08-07,1192.0,23.0,1108.0,0.0,0.04023608483239671,0.042713567839195984,0.04377304199262656,0.0,142723.0,4082.0,128232.0,0.0,0.6666666666666666,0.06701030927835051
2020-08-08,1404.0,16.0,1130.0,0.0,0.041851402106690014,0.03912419239052405,0.04334742079549201,0.0,144127.0,4098.0,129362.0,0.0,0.8333333333333333,0.041237113402061855
2020-08-09,1300.0,13.0,1225.0,0.0,0.043766061393352346,0.038406317300789666,0.043581212720678594,0.0,145427.0,4111.0,130587.0,0.0,1.0,0.17525773195876287
2020-08-10,707.0,20.0,1070.0,0.0,0.04321256106859451,0.03948312993539124,0.04437850313221233,0.0,146134.0,4131.0,131657.0,0.0,0.0,0.19072164948453607
2020-08-11,1257.0,8.0,727.0,0.0,0.04650532320465392,0.03804737975592247,0.04290981026886071,0.0,147391.0,4139.0,132384.0,0.0,0.16666666666666666,0.29381443298969073
2020-08-12,1113.0,14.0,1021.0,0.0,0.046714297817062496,0.03912419239052405,0.0436951113508977,0.0,148504.0,4153.0,133405.0,0.0,0.3333333333333333,0.18041237113402062
2020-08-13,956.0,14.0,913.0,0.0,0.04477704668041004,0.038765254845656856,0.04312561819980218,0.0,149460.0,4167.0,134318.0,0.0,0.5,0.20103092783505155
2020-08-14,1192.0,11.0,790.0,0.0,0.04477704668041004,0.03445800430725054,0.04121931480981926,0.0,150652.0,4178.0,135108.0,0.0,0.6666666666666666,0.25257731958762886
2020-08-15,1276.0,10.0,1143.0,0.0,0.04405410748072633,0.03230437903804738,0.04129724545154812,0.0,151928.0,4188.0,136251.0,0.0,0.8333333333333333,0.03608247422680412
2020-08-16,652.0,8.0,1310.0,0.0,0.04039422778232753,0.030509691313711416,0.041806791955159905,0.0,152580.0,4196.0,137561.0,0.0,1.0,0.03608247422680412
2020-08-17,787.0,18.0,740.0,0.0,0.04084606478212985,0.02979181622397703,0.03982855258819651,0.0,153367.0,4214.0,138301.0,0.0,0.0,0.03608247422680412
2020-08-18,1374.0,12.0,1146.0,0.0,0.041506876394340746,0.031227566403445803,0.04234031711776519,0.0,154741.0,4226.0,139447.0,0.0,0.16666666666666666,0.020618556701030927
2020-08-19,1398.0,9.0,1320.0,0.0,0.04311654570613651,0.029432878679109837,0.044132721877529,0.0,156139.0,4235.0,140767.0,0.0,0.3333333333333333,0.13917525773195877
2020-08-20,1215.0,22.0,1059.0,0.0,0.04457936799299653,0.03230437903804738,0.0450079429307916,0.0,157354.0,4257.0,141826.0,0.0,0.5,0.010309278350515464
2020-08-21,1250.0,13.0,1082.0,0.0,0.04490694981785321,0.033022254127781765,0.04675838503731679,0.0,158604.0,4270.0,142908.0,0.0,0.6666666666666666,0.03608247422680412
2020-08-22,1412.0,14.0,1230.0,0.0,0.045675072717517154,0.03445800430725054,0.047279920870425325,0.0,160016.0,4284.0,144138.0,0.0,0.8333333333333333,0.02577319587628866
2020-08-23,1450.0,16.0,1250.0,0.0,0.050182146790545314,0.03732950466618808,0.04692024098552289,0.0,161466.0,4300.0,145388.0,0.0,1.0,0.005154639175257732
2020-08-24,1061.0,13.0,1200.0,0.0,0.05172968851486826,0.03553481694185212,0.0496777867697749,0.0,162527.0,4313.0,146588.0,0.0,0.0,0.04639175257731959
2020-08-25,1544.0,17.0,1155.0,0.0,0.0526898421394482,0.03732950466618808,0.04973173875251027,0.0,164071.0,4330.0,147743.0,0.0,0.16666666666666666,0.13402061855670103
2020-08-26,1693.0,17.0,1154.0,0.0,0.05435599107621925,0.04020100502512563,0.04873662440428019,0.0,165764.0,4347.0,148897.0,0.0,0.3333333333333333,0.061855670103092786
2020-08-27,1840.0,22.0,1130.0,0.0,0.05788596763717489,0.04020100502512563,0.049162245601414745,0.0,167604.0,4369.0,150027.0,0.0,0.5,0.15979381443298968
2020-08-28,1808.0,20.0,1446.0,0.0,0.06103753071079608,0.042713567839195984,0.051344303569822856,0.0,169412.0,4389.0,151473.0,0.0,0.6666666666666666,0.12886597938144329
2020-08-29,1954.0,15.0,1449.0,0.0,0.06409872638445682,0.043072505384063174,0.052657135149716754,0.0,171366.0,4404.0,152922.0,0.0,0.8333333333333333,0.15979381443298968
2020-08-30,2024.0,22.0,1249.0,0.0,0.06734065685803847,0.04522613065326633,0.05265114048496838,0.0,173390.0,4426.0,154171.0,0.0,1.0,0.08247422680412371
2020-08-31,1358.0,18.0,1507.0,0.0,0.06901810171980459,0.047020818377602296,0.05449150256271918,0.0,174748.0,4444.0,155678.0,0.0,0.0,0.17010309278350516
2020-09-01,2312.0,18.0,1050.0,0.0,0.07335573691790688,0.04737975592246949,0.05386206276413991,0.0,177060.0,4462.0,156728.0,0.0,0.16666666666666666,0.02577319587628866
2020-09-02,2509.0,19.0,1858.0,0.0,0.07796447431589056,0.04809763101220388,0.058082306746995174,0.0,179569.0,4481.0,158586.0,0.0,0.3333333333333333,0.17525773195876287
2020-09-03,2737.0,19.0,1528.0,0.0,0.08303069667617408,0.047020818377602296,0.06046818331684801,0.0,182306.0,4500.0,160114.0,0.0,0.5,0.23195876288659795
2020-09-04,2914.0,13.0,1751.0,0.0,0.08927734319844118,0.04450825556353195,0.06229655606510206,0.0,185220.0,4513.0,161865.0,0.0,0.6666666666666666,0.041237113402061855
2020-09-05,2973.0,25.0,1920.0,0.0,0.09503261698342325,0.04809763101220388,0.06512004316158619,0.0,188193.0,4538.0,163785.0,0.0,0.8333333333333333,0.02577319587628866
2020-09-06,3256.0,29.0,2188.0,0.0,0.10199090678037899,0.05061019382627423,0.07074903336030933,0.0,191449.0,4567.0,165973.0,0.0,1.0,0.02577319587628866
2020-09-07,2077.0,32.0,2411.0,0.0,0.10605179181610236,0.05563531945441493,0.07616821029283938,0.0,193526.0,4599.0,168384.0,0.0,0.0,0.010309278350515464
2020-09-08,3609.0,19.0,1756.0,0.0,0.11337719917539749,0.05599425699928213,0.08040044360519139,0.0,197135.0,4618.0,170140.0,0.0,0.16666666666666666,0.12886597938144329
2020-09-09,4039.0,20.0,2623.0,0.0,0.12201858179661688,0.05635319454414932,0.08498636213769745,0.0,201174.0,4638.0,172763.0,0.0,0.3333333333333333,0.16494845360824742
2020-09-10,4308.0,28.0,2637.0,0.0,0.13089153088023497,0.05958363244795406,0.09163444534364416,0.0,205482.0,4666.0,175400.0,0.0,0.5,0.25257731958762886
2020-09-11,4266.0,21.0,2754.0,0.0,0.1385275761768942,0.062455132806891606,0.09764709408626322,0.0,209748.0,4687.0,178154.0,0.0,0.6666666666666666,0.2422680412371134
2020-09-12,4321.0,28.0,3141.0,0.0,0.14614102962356332,0.06353194544149318,0.10496657974402782,0.0,214069.0,4715.0,181295.0,0.0,0.8333333333333333,0.08247422680412371
2020-09-13,4235.0,29.0,3403.0,0.0,0.15167038490864423,0.06353194544149318,0.11225009741330216,0.0,218304.0,4744.0,184698.0,0.0,1.0,0.12886597938144329
2020-09-14,3229.0,26.0,3374.0,0.0,0.15817683770579766,0.06137832017229002,0.11802295956598627,0.0,221533.0,4770.0,188072.0,0.0,0.0,0.17010309278350516
2020-09-15,4263.0,36.0,3131.0,0.0,0.16187060517918161,0.0674802584350323,0.12626562359500046,0.0,225796.0,4806.0,191203.0,0.0,0.16666666666666666,0.14432989690721648
2020-09-16,4473.0,33.0,3313.0,0.0,0.1643218209031092,0.07214644651830582,0.13040194227137847,0.0,230269.0,4839.0,194516.0,0.0,0.3333333333333333,0.14432989690721648
2020-09-17,4432.0,38.0,3587.0,0.0,0.1650221682528028,0.07573582196697774,0.13609687378233373,0.0,234701.0,4877.0,198103.0,0.0,0.5,0.15979381443298968
2020-09-18,4127.0,30.0,3568.0,0.0,0.1642371014656463,0.07896625987078248,0.1409765308875101,0.0,238828.0,4907.0,201671.0,0.0,0.6666666666666666,0.20103092783505155
2020-09-19,4071.0,38.0,4219.0,0.0,0.16282511084126403,0.08255563531945442,0.14743877948625722,0.0,242899.0,4945.0,205890.0,0.0,0.8333333333333333,0.13402061855670103
2020-09-20,3812.0,37.0,3742.0,0.0,0.16043602270480925,0.08542713567839197,0.149470970835956,0.0,246711.0,4982.0,209632.0,0.0,1.0,0.10309278350515463
2020-09-21,2548.0,32.0,3672.0,0.0,0.156589760243992,0.08758076094759512,0.15125738093097144,0.0,249259.0,5014.0,213304.0,0.0,0.0,0.10824742268041238
2020-09-22,3816.0,37.0,3097.0,0.0,0.15406512100759653,0.08793969849246232,0.1510535623295267,0.0,253075.0,5051.0,216401.0,0.0,0.16666666666666666,0.13917525773195877
2020-09-23,3714.0,36.0,4465.0,0.0,0.149778317471972,0.0890165111270639,0.1579594161196535,0.0,256789.0,5087.0,220866.0,0.0,0.3333333333333333,0.10824742268041238
2020-09-24,3834.0,36.0,3509.0,0.0,0.14640083589844965,0.08829863603732951,0.15749183226928035,0.0,260623.0,5123.0,224375.0,0.0,0.5,0.12886597938144329
2020-09-25,3827.0,24.0,4061.0,0.0,0.14470644714919095,0.08614501076812635,0.1604472019902287,0.0,264450.0,5147.0,228436.0,0.0,0.6666666666666666,0.12886597938144329
2020-09-26,3372.0,46.0,4476.0,0.0,0.14075852136341815,0.0890165111270639,0.16198783083056081,0.0,267822.0,5193.0,232912.0,0.0,0.8333333333333333,0.07216494845360824
2020-09-27,3292.0,42.0,3739.0,0.0,0.13782158086470306,0.09081119885139986,0.16196984683631568,0.0,271114.0,5235.0,236651.0,0.0,1.0,0.04639175257731959
2020-09-28,1984.0,37.0,4052.0,0.0,0.1346361300160967,0.09260588657573582,0.16424781944069777,0.0,273098.0,5272.0,240703.0,0.0,0.0,0.19072164948453607
2020-09-29,3227.0,48.0,2778.0,0.0,0.1313094801050521,0.09655419956927495,0.1623355213859665,0.0,276325.0,5320.0,243481.0,0.0,0.16666666666666666,0.1958762886597938
2020-09-30,3390.0,41.0,3965.0,0.0,0.1294795402558527,0.09834888729361091,0.1593381890117795,0.0,279715.0,5361.0,247446.0,0.0,0.3333333333333333,0.11855670103092783
2020-10-01,3037.0,40.0,3167.0,0.0,0.12497811414532209,0.09978463747307968,0.15728801366783562,0.0,282752.0,5401.0,250613.0,0.0,0.5,0.211340206185567
2020-10-02,2920.0,37.0,3171.0,0.0,0.11985541216006326,0.1044508255563532,0.15195276204178282,0.0,285672.0,5438.0,253784.0,0.0,0.6666666666666666,0.06701030927835051
2020-10-03,2258.0,34.0,3440.0,0.0,0.11356358193781595,0.10014357501794688,0.14574228936246741,0.0,287930.0,5472.0,257224.0,0.0,0.8333333333333333,0.12371134020618557
2020-10-04,2683.0,38.0,3126.0,0.0,0.11012397277682077,0.0987078248384781,0.14206755987171418,0.0,290613.0,5510.0,260350.0,0.0,1.0,0.08762886597938144
2020-10-05,1947.0,32.0,3588.0,0.0,0.1099149981644122,0.09691313711414214,0.13928603542846865,0.0,292560.0,5542.0,263938.0,0.0,0.0,0.1134020618556701
2020-10-06,2676.0,39.0,2997.0,0.0,0.10680297082827371,0.09368269921033741,0.14059886700836255,0.0,295236.0,5581.0,266935.0,0.0,0.16666666666666666,0.13917525773195877
2020-10-07,2871.0,35.0,3370.0,0.0,0.10387167829205615,0.09152907394113424,0.13703204148308007,0.0,298107.0,5616.0,270305.0,0.0,0.3333333333333333,0.14432989690721648
2020-10-08,2726.0,37.0,2643.0,0.0,0.10211516195532463,0.09045226130653267,0.1338908371549321,0.0,300833.0,5653.0,272948.0,0.0,0.5,0.17525773195876287
2020-10-09,2860.0,39.0,3098.0,0.0,0.10177628420547288,0.09117013639626706,0.1334532266283008,0.0,303693.0,5692.0,276046.0,0.0,0.6666666666666666,0.12371134020618557
2020-10-10,2866.0,48.0,2766.0,0.0,0.10521024540397053,0.09619526202440776,0.12941282258789677,0.0,306559.0,5740.0,278812.0,0.0,0.8333333333333333,0.030927835051546393
2020-10-11,2780.0,29.0,3057.0,0.0,0.10575809776623084,0.09296482412060302,0.12899919072025898,0.0,309339.0,5769.0,281869.0,0.0,1.0,0.06701030927835051
2020-10-12,1849.0,40.0,2975.0,0.0,0.105204597441473,0.09583632447954056,0.12532446122950575,0.0,311188.0,5809.0,284844.0,0.0,0.0,0.03608247422680412
2020-10-13,3036.0,45.0,2036.0,0.0,0.10723786394058345,0.09798994974874373,0.11956358840631838,0.0,314224.0,5854.0,286880.0,0.0,0.16666666666666666,0.08762886597938144
2020-10-14,3324.0,44.0,2867.0,0.0,0.10979639095196408,0.10122038765254845,0.11654827203788629,0.0,317548.0,5898.0,289747.0,0.0,0.3333333333333333,0.041237113402061855
2020-10-15,3483.0,26.0,2755.0,0.0,0.11407189856259356,0.09727207465900933,0.11721967448970416,0.0,321031.0,5924.0,292502.0,0.0,0.5,0.041237113402061855
2020-10-16,3428.0,22.0,3197.0,0.0,0.11727994126119004,0.09117013639626706,0.11781314629979318,0.0,324459.0,5946.0,295699.0,0.0,0.6666666666666666,0.05670103092783505
2020-10-17,3259.0,35.0,3154.0,0.0,0.11949959052271894,0.08650394831299354,0.12013907622216227,0.0,327718.0,5981.0,298853.0,0.0,0.8333333333333333,0.041237113402061855
2020-10-18,3299.0,28.0,2863.0,0.0,0.1224308830589365,0.08614501076812635,0.11897611126097773,0.0,331017.0,6009.0,301716.0,0.0,1.0,0.0
2020-10-19,2154.0,31.0,2845.0,0.0,0.12415351162068285,0.0829145728643216,0.11819680484368912,0.0,333171.0,6040.0,304561.0,0.0,0.0,0.030927835051546393
2020-10-20,3579.0,41.0,2186.0,0.0,0.1272203552568411,0.08147882268485283,0.11909600455594521,0.0,336750.0,6081.0,306747.0,0.0,0.16666666666666666,0.1134020618556701
2020-10-21,3686.0,47.0,3444.0,0.0,0.1292649176809466,0.08255563531945442,0.12255492611575698,0.0,340436.0,6128.0,310191.0,0.0,0.3333333333333333,0.23711340206185566
2020-10-22,3882.0,35.0,2727.0,0.0,0.13151845471746068,0.08578607322325915,0.1223870755028025,0.0,344318.0,6163.0,312918.0,0.0,0.5,0.12371134020618557
2020-10-23,4086.0,26.0,3296.0,0.0,0.1352348140408348,0.08722182340272792,0.12298054731289153,0.0,348404.0,6189.0,316214.0,0.0,0.6666666666666666,0.07731958762886598
2020-10-24,4116.0,36.0,3614.0,0.0,0.14007511790121716,0.08758076094759512,0.12573809309714354,0.0,352520.0,6225.0,319828.0,0.0,0.8333333333333333,0.030927835051546393
2020-10-25,4136.0,33.0,3826.0,0.0,0.14480246251164894,0.08937544867193109,0.13151095524982764,0.0,356656.0,6258.0,323654.0,0.0,1.0,0.041237113402061855
2020-10-26,2832.0,54.0,3736.0,0.0,0.1486317810849736,0.09763101220387653,0.13685220154062885,0.0,359488.0,6312.0,327390.0,0.0,0.0,0.211340206185567
2020-10-27,4853.0,44.0,2722.0,0.0,0.15582728530682557,0.0987078248384781,0.14006534184575728,0.0,364341.0,6356.0,330112.0,0.0,0.16666666666666666,0.1958762886597938
2020-10-28,5673.0,40.0,4128.0,0.0,0.16704978678941573,0.09619526202440776,0.14416569253364506,0.0,370014.0,6396.0,334240.0,0.0,0.3333333333333333,0.05154639175257732
2020-10-29,5739.0,27.0,4138.0,0.0,0.17753805314732712,0.09332376166547021,0.1526241644936007,0.0,375753.0,6423.0,338378.0,0.0,0.5,0.08762886597938144
2020-10-30,5891.0,47.0,4433.0,0.0,0.18773262545536698,0.10086145010768127,0.1594400983125019,0.0,381644.0,6470.0,342811.0,0.0,0.6666666666666666,0.020618556701030927
2020-10-31,5062.0,41.0,4665.0,0.0,0.19307559797802945,0.10265613783201723,0.16574049096304289,0.0,386706.0,6511.0,347476.0,0.0,0.8333333333333333,0.020618556701030927
2020-11-01,5664.0,51.0,4159.0,0.0,0.2017056846742538,0.10911701363962671,0.1677367143242514,0.0,392370.0,6562.0,351635.0,0.0,1.0,0.05154639175257732
2020-11-02,4001.0,42.0,4824.0,0.0,0.2083081528338652,0.1048097631012204,0.17425890957048226,0.0,396371.0,6604.0,356459.0,0.0,0.0,0.02577319587628866
2020-11-03,6725.0,48.0,3610.0,0.0,0.21888113862923952,0.10624551328068917,0.17958217186703834,0.0,403096.0,6652.0,360069.0,0.0,0.16666666666666666,0.13917525773195877
2020-11-04,6842.0,51.0,5797.0,0.0,0.22548360678885093,0.11019382627422829,0.18958726733207446,0.0,409938.0,6703.0,365866.0,0.0,0.3333333333333333,0.09278350515463918
2020-11-05,6715.0,66.0,5289.0,0.0,0.23099601818643925,0.12419239052404882,0.19648712645745287,0.0,416653.0,6769.0,371155.0,0.0,0.5,0.08247422680412371
2020-11-06,7178.0,64.0,6121.0,0.0,0.2382649459207591,0.1302943287867911,0.2066061205527081,0.0,423831.0,6833.0,377276.0,0.0,0.6666666666666666,0.030927835051546393
2020-11-07,6953.0,79.0,6338.0,0.0,0.24894524300358647,0.14393395549174445,0.2166351946767377,0.0,430784.0,6912.0,383614.0,0.0,0.8333333333333333,0.005154639175257732
2020-11-08,7745.0,77.0,6069.0,0.0,0.26069865296094435,0.15326633165829145,0.22808500434613194,0.0,438529.0,6989.0,389683.0,0.0,1.0,0.08247422680412371
2020-11-09,5023.0,71.0,7014.0,0.0,0.266470870633419,0.16367552045944006,0.24121332014507088,0.0,443552.0,7060.0,396697.0,0.0,0.0,0.05670103092783505
2020-11-10,7830.0,83.0,6157.0,0.0,0.27271186919318857,0.17623833452979182,0.25648173125917934,0.0,451382.0,7143.0,402854.0,0.0,0.16666666666666666,0.041237113402061855
2020-11-11,8593.0,85.0,7264.0,0.0,0.2826014515263619,0.1884422110552764,0.2652759044450439,0.0,459975.0,7228.0,410118.0,0.0,0.3333333333333333,0.005154639175257732
2020-11-12,7053.0,104.0,6462.0,0.0,0.28451046285052667,0.20208183776022973,0.27230764619488657,0.0,467028.0,7332.0,416580.0,0.0,0.5,0.07216494845360824
2020-11-13,7802.0,91.0,6498.0,0.0,0.2880347914489848,0.21177315147164394,0.27456763480502355,0.0,474830.0,7423.0,423078.0,0.0,0.6666666666666666,0.03608247422680412
2020-11-14,7340.0,96.0,7117.0,0.0,0.2902205529355285,0.2178750897343862,0.27923747864400683,0.0,482170.0,7519.0,430195.0,0.0,0.8333333333333333,0.03608247422680412
2020-11-15,3235.0,95.0,7606.0,0.0,0.2647482420716727,0.2243359655419957,0.2884512783622576,0.0,485405.0,7614.0,437801.0,0.0,1.0,0.010309278350515464
2020-11-16,3797.0,99.0,3560.0,0.0,0.2578238400497021,0.23438621679827712,0.26774570632137396,0.0,489202.0,7713.0,441361.0,0.0,0.0,0.010309278350515464
2020-11-17,6396.0,99.0,4421.0,0.0,0.2497246618282455,0.2401292175161522,0.2573389683181968,0.0,495598.0,7812.0,445782.0,0.0,0.16666666666666666,0.07216494845360824
2020-11-18,7486.0,131.0,6901.0,0.0,0.24347236734348085,0.2566403445800431,0.2551629050145371,0.0,503084.0,7943.0,452683.0,0.0,0.3333333333333333,0.06701030927835051
2020-11-19,7546.0,98.0,6685.0,0.0,0.24625681285476267,0.25448671931083994,0.25649971525342447,0.0,510630.0,8041.0,459368.0,0.0,0.5,0.041237113402061855
2020-11-20,6608.0,118.0,8775.0,0.0,0.23951314563271303,0.2641780330222541,0.2701495668854719,0.0,517238.0,8159.0,468143.0,0.0,0.6666666666666666,0.010309278350515464
2020-11-21,5879.0,111.0,6963.0,0.0,0.2312614724238231,0.26956209619526206,0.26922638851422237,0.0,523117.0,8270.0,475106.0,0.0,0.8333333333333333,0.07731958762886598
2020-11-22,6746.0,121.0,6154.0,0.0,0.2510914687526475,0.27889447236180903,0.26052213529958335,0.0,529863.0,8391.0,481260.0,0.0,1.0,0.03608247422680412
2020-11-23,4454.0,121.0,7216.0,0.0,0.25480218011352407,0.28679109834888733,0.2824386296196385,0.0,534317.0,8512.0,488476.0,0.0,0.0,0.11855670103092783
2020-11-24,6224.0,109.0,4943.0,0.0,0.25383073056394906,0.2903804737975592,0.2855678446182897,0.0,540541.0,8621.0,493419.0,0.0,0.16666666666666666,0.22164948453608246
2020-11-25,5246.0,99.0,5361.0,0.0,0.2411792945694841,0.27889447236180903,0.2763360609057938,0.0,545787.0,8720.0,498780.0,0.0,0.3333333333333333,0.17525773195876287
2020-11-26,5475.0,91.0,4937.0,0.0,0.22948236423710147,0.2763819095477387,0.2658573869256362,0.0,551262.0,8811.0,503717.0,0.0,0.5,0.17525773195876287
2020-11-27,5482.0,98.0,5937.0,0.0,0.2231227584648838,0.26920315865039485,0.24884452836975093,0.0,556744.0,8909.0,509654.0,0.0,0.6666666666666666,0.17010309278350516
2020-11-28,4998.0,89.0,6512.0,0.0,0.21814690350456076,0.2613065326633166,0.24614093456823427,0.0,561742.0,8998.0,516166.0,0.0,0.8333333333333333,0.08762886597938144
2020-11-29,4906.0,68.0,6325.0,0.0,0.20775465250910735,0.24228284278535536,0.24716602224020623,0.0,566648.0,9066.0,522491.0,0.0,1.0,0.08247422680412371
2020-11-30,3726.0,108.0,5824.0,0.0,0.20364293581090623,0.23761665470208185,0.2388214489104697,0.0,570374.0,9174.0,528315.0,0.0,0.0,0.13917525773195877
2020-12-01,4006.0,86.0,5036.0,0.0,0.19111575499138686,0.2293610911701364,0.23937895273206847,0.0,574380.0,9260.0,533351.0,0.0,0.16666666666666666,0.22164948453608246
2020-12-02,3944.0,82.0,5329.0,0.0,0.1837621078196041,0.22325915290739412,0.2391871234601205,0.0,578324.0,9342.0,538680.0,0.0,0.3333333333333333,0.25257731958762886
2020-12-03,3734.0,82.0,4834.0,0.0,0.17392900511140608,0.2200287150035894,0.23856967299103798,0.0,582058.0,9424.0,543514.0,0.0,0.5,0.15463917525773196
2020-12-04,4067.0,73.0,4862.0,0.0,0.16593713817740252,0.21105527638190955,0.23212540838653598,0.0,586125.0,9497.0,548376.0,0.0,0.6666666666666666,0.211340206185567
2020-12-05,3419.0,77.0,4916.0,0.0,0.1570190053938042,0.20674802584350324,0.22255792344813116,0.0,589544.0,9574.0,553292.0,0.0,0.8333333333333333,0.15979381443298968
2020-12-06,2706.0,69.0,4622.0,0.0,0.14459348789924037,0.20710696338837042,0.21234900938165033,0.0,592250.0,9643.0,557914.0,0.0,1.0,0.14948453608247422
2020-12-07,1674.0,63.0,3818.0,0.0,0.1330038688543108,0.19095477386934673,0.20032371189641218,0.0,593924.0,9706.0,561732.0,0.0,0.0,0.10824742268041238
2020-12-08,3188.0,57.0,3307.0,0.0,0.1283838355313321,0.18054558506819815,0.18995893654647364,0.0,597112.0,9763.0,565039.0,0.0,0.16666666666666666,0.18041237113402062
2020-12-09,2463.0,50.0,4177.0,0.0,0.12001920307249161,0.16905958363244797,0.18305308275634685,0.0,599575.0,9813.0,569216.0,0.0,0.3333333333333333,0.18041237113402062
2020-12-10,1575.0,61.0,3307.0,0.0,0.10782525204032646,0.1615218951902369,0.17389922968557983,0.0,601150.0,9874.0,572523.0,0.0,0.5,0.20618556701030927
2020-12-11,2385.0,60.0,2402.0,0.0,0.09832537911948266,0.1568557071069634,0.15915235440457992,0.0,603535.0,9934.0,574925.0,0.0,0.6666666666666666,0.13917525773195877
2020-12-12,1935.0,47.0,3191.0,0.0,0.0899438027731496,0.1460875807609476,0.14881155771363486,0.0,605470.0,9981.0,578116.0,0.0,0.8333333333333333,0.18041237113402062
2020-12-13,1984.0,33.0,2539.0,0.0,0.08586597384993365,0.13316582914572864,0.13632467104277193,0.0,607454.0,10014.0,580655.0,0.0,1.0,0.20618556701030927
2020-12-14,1376.0,60.0,2854.0,0.0,0.08418288102567,0.13208901651112706,0.13054581422533945,0.0,608830.0,10074.0,583509.0,0.0,0.0,0.23195876288659795
2020-12-15,1617.0,41.0,2343.0,0.0,0.07530993194205192,0.12634601579325197,0.12476695740790697,0.0,610447.0,10115.0,585852.0,0.0,0.16666666666666666,0.20618556701030927
2020-12-16,1547.0,32.0,2734.0,0.0,0.07013639829431534,0.1198851399856425,0.11611665617600336,0.0,611994.0,10147.0,588586.0,0.0,0.3333333333333333,0.25773195876288657
2020-12-17,1363.0,35.0,2391.0,0.0,0.06893903024483919,0.11055276381909548,0.11062554326649282,0.0,613357.0,10182.0,590977.0,0.0,0.5,0.3247422680412371
2020-12-18,1418.0,37.0,2160.0,0.0,0.06347745050972863,0.10229720028715004,0.10917483439738633,0.0,614775.0,10219.0,593137.0,0.0,0.6666666666666666,0.16494845360824742
2020-12-19,1139.0,32.0,2168.0,0.0,0.05898167236169552,0.09691313711414214,0.10304229235979978,0.0,615914.0,10251.0,595305.0,0.0,0.8333333333333333,0.16494845360824742
2020-12-20,1091.0,26.0,1275.0,0.0,0.05393804185140211,0.09440057430007179,0.0954650361178551,0.0,617005.0,10277.0,596580.0,0.0,1.0,0.0979381443298969
2020-12-21,803.0,27.0,1669.0,0.0,0.05070175934031798,0.08255563531945442,0.08836135839103199,0.0,617808.0,10304.0,598249.0,0.0,0.0,0.14948453608247422
2020-12-22,939.0,25.0,1434.0,0.0,0.04687244076699331,0.07681263460157933,0.08291220813476007,0.0,618747.0,10329.0,599683.0,0.0,0.16666666666666666,0.3402061855670103
2020-12-23,871.0,18.0,1585.0,0.0,0.043054418118663694,0.07178750897343862,0.0760243383388784,0.0,619618.0,10347.0,601268.0,0.0,0.3333333333333333,0.1958762886597938
2020-12-24,1063.0,37.0,1120.0,0.0,0.041360029369404985,0.07250538406317301,0.06840511944369511,0.0,620681.0,10384.0,602388.0,0.0,0.5,0.25773195876288657
2020-12-25,758.0,30.0,1370.0,0.0,0.03763237412103584,0.06999282124910265,0.06366933429247969,0.0,621439.0,10414.0,603758.0,0.0,0.6666666666666666,0.25257731958762886
2020-12-26,655.0,23.0,988.0,0.0,0.034898760272231794,0.06676238334529792,0.05659562988939844,0.0,622094.0,10437.0,604746.0,0.0,0.8333333333333333,0.23195876288659795
2020-12-27,757.0,16.0,939.0,0.0,0.0330123407980571,0.06317300789662599,0.05458142253394479,0.0,622851.0,10453.0,605685.0,0.0,1.0,0.0979381443298969
2020-12-28,564.0,21.0,959.0,0.0,0.03166247776114767,0.06101938262742283,0.05032521056259929,0.0,623415.0,10474.0,606644.0,0.0,0.0,0.12886597938144329
2020-12-29,703.0,28.0,850.0,0.0,0.03032955861173082,0.06209619526202441,0.0468243263495489,0.0,624118.0,10502.0,607494.0,0.0,0.16666666666666666,0.08762886597938144
2020-12-30,677.0,21.0,940.0,0.0,0.029233853887210188,0.06317300789662599,0.0429577675868477,0.0,624795.0,10523.0,608434.0,0.0,0.3333333333333333,0.12886597938144329
2020-12-31,574.0,13.0,888.0,0.0,0.026472000225918498,0.054558506819813356,0.04156700536522495,0.0,625369.0,10536.0,609322.0,0.0,0.5,0.08762886597938144
2021-01-01,585.0,21.0,717.0,0.0,0.02549490271384598,0.051328068916008614,0.03765248928453676,0.0,625954.0,10557.0,610039.0,0.0,0.6666666666666666,0.15463917525773196
2021-01-02,494.0,14.0,496.0,0.0,0.02458558075174381,0.04809763101220388,0.03470311422833678,0.0,626448.0,10571.0,610535.0,0.0,0.8333333333333333,0.13917525773195877
2021-01-03,424.0,14.0,708.0,0.0,0.022704809240066647,0.04737975592246949,0.0333183466714624,0.0,626872.0,10585.0,611243.0,0.0,1.0,0.07731958762886598
2021-01-04,384.0,12.0,727.0,0.0,0.021688175990511423,0.04414931801866476,0.03192758444983964,0.0,627256.0,10597.0,611970.0,0.0,0.0,0.10824742268041238
2021-01-05,442.0,12.0,557.0,0.0,0.02021405777865635,0.038406317300789666,0.030171147678566077,0.0,627698.0,10609.0,612527.0,0.0,0.16666666666666666,0.09278350515463918
2021-01-06,654.0,16.0,719.0,0.0,0.020084154641213183,0.0366116295764537,0.028846326769175434,0.0,628352.0,10625.0,613246.0,0.0,0.3333333333333333,0.10824742268041238
2021-01-07,486.0,19.0,780.0,0.0,0.019587133941430628,0.038765254845656856,0.028198902976351047,0.0,628838.0,10644.0,614026.0,0.0,0.5,0.07731958762886598
2021-01-08,444.0,10.0,823.0,0.0,0.018790771229279038,0.034816941852117735,0.028834337439678687,0.0,629282.0,10654.0,614849.0,0.0,0.6666666666666666,0.04639175257731959
2021-01-09,519.0,12.0,603.0,0.0,0.01893197029171726,0.03409906676238335,0.029475766567754698,0.0,629801.0,10666.0,615452.0,0.0,0.8333333333333333,0.1134020618556701
2021-01-10,399.0,12.0,602.0,0.0,0.018790771229279038,0.03338119167264896,0.02884033210442706,0.0,630200.0,10678.0,616054.0,0.0,1.0,0.06701030927835051
2021-01-11,306.0,13.0,407.0,0.0,0.018350230154471774,0.03374012921751615,0.0269220393849474,0.0,630506.0,10691.0,616461.0,0.0,0.0,0.13402061855670103
2021-01-12,386.0,16.0,545.0,0.0,0.01803394425461015,0.035175879396984924,0.02685010340796691,0.0,630892.0,10707.0,617006.0,0.0,0.16666666666666666,0.26804123711340205
2021-01-13,357.0,11.0,534.0,0.0,0.01635649939284403,0.03338119167264896,0.025741090429517728,0.0,631249.0,10718.0,617540.0,0.0,0.3333333333333333,0.14948453608247422
2021-01-14,340.0,4.0,390.0,0.0,0.015531896868204796,0.027997128499641064,0.02340317117765189,0.0,631589.0,10722.0,617930.0,0.0,0.5,0.13402061855670103
2021-01-15,295.0,10.0,427.0,0.0,0.014690350456072972,0.027997128499641064,0.021029283937295806,0.0,631884.0,10732.0,618357.0,0.0,0.6666666666666666,0.14948453608247422
2021-01-16,299.0,6.0,397.0,4319.0,0.013447798706616589,0.025843503230437905,0.019794382999130774,0.006325350611006315,632183.0,10738.0,618754.0,4319.0,0.8333333333333333,0.16494845360824742
2021-01-17,246.0,8.0,385.0,0.0,0.01258366044449465,0.024407753050969132,0.018493540748733626,0.006325350611006315,632429.0,10746.0,619139.0,4319.0,1.0,0.11855670103092783
2021-01-18,161.0,8.0,362.0,3649.0,0.011764705882352943,0.022613065326633167,0.0182237808350568,0.011669459057304543,632590.0,10754.0,619501.0,7968.0,0.0,0.19072164948453607
2021-01-19,231.0,10.0,222.0,4473.0,0.010889271695235944,0.020459440057430008,0.016287504121332015,0.018220348912139285,632821.0,10764.0,619723.0,12441.0,0.16666666666666666,0.20103092783505155
2021-01-20,228.0,10.0,405.0,461.0,0.0101606845330547,0.020100502512562814,0.015514192368791776,0.018895502103080223,633049.0,10774.0,620128.0,12902.0,0.3333333333333333,0.19072164948453607
2021-01-21,227.0,8.0,246.0,5942.0,0.009522464770833922,0.021536252692031587,0.014650960645025928,0.027597802017551055,633276.0,10782.0,620374.0,18844.0,0.5,0.12371134020618557
2021-01-22,266.0,7.0,319.0,0.0,0.00935867385840558,0.020459440057430008,0.01400353685220154,0.027597802017551055,633542.0,10789.0,620693.0,18844.0,0.6666666666666666,0.15979381443298968
2021-01-23,197.0,10.0,367.0,6967.0,0.008782581683657621,0.02189519023689878,0.013823696909750322,0.03147590537896451,633739.0,10799.0,621060.0,25811.0,0.8333333333333333,0.12371134020618557
2021-01-24,185.0,9.0,315.0,0.0,0.008438055971308351,0.022254127781765973,0.013404070377364146,0.03147590537896451,633924.0,10808.0,621375.0,25811.0,1.0,0.02577319587628866
2021-01-25,148.0,5.0,190.0,7408.0,0.008364632458840475,0.021177315147164394,0.012372988040643827,0.036981113285140185,634072.0,10813.0,621565.0,33219.0,0.0,0.0979381443298969
2021-01-26,157.0,7.0,218.0,0.0,0.007946683234023326,0.020100502512562814,0.012349009381650332,0.030430223430305447,634229.0,10820.0,621783.0,33219.0,0.16666666666666666,0.08247422680412371
2021-01-27,96.0,9.0,212.0,6545.0,0.007201152184349496,0.01974156496769562,0.01119203908521416,0.03934048810207262,634325.0,10829.0,621995.0,39764.0,0.3333333333333333,0.10309278350515463
2021-01-28,199.0,6.0,119.0,8244.0,0.007043009234418684,0.019023689877961235,0.010430716662170669,0.042711860435144286,634524.0,10835.0,622114.0,48008.0,0.5,0.1134020618556701
2021-01-29,249.0,6.0,267.0,0.0,0.0069469938719606905,0.01866475233309404,0.010118994095255223,0.042711860435144286,634773.0,10841.0,622381.0,48008.0,0.6666666666666666,0.09278350515463918
2021-01-30,183.0,8.0,290.0,8810.0,0.006867922396995284,0.017946877243359655,0.00965740490963043,0.0454110086583637,634956.0,10849.0,622671.0,56818.0,0.8333333333333333,0.10309278350515463
2021-01-31,140.0,4.0,211.0,0.0,0.006613764084606478,0.01615218951902369,0.009033959775799539,0.0454110086583637,635096.0,10853.0,622882.0,56818.0,1.0,0.05670103092783505
2021-02-01,121.0,3.0,214.0,7893.0,0.006461269097173195,0.015434314429289305,0.009177831729760513,0.04612131082236881,635217.0,10856.0,623096.0,64711.0,0.0,0.10824742268041238
2021-02-02,114.0,2.0,160.0,9357.0,0.006218406709779448,0.013639626704953339,0.008830141174354824,0.059825016695762206,635331.0,10858.0,623256.0,74068.0,0.16666666666666666,0.17010309278350516
2021-02-03,150.0,6.0,153.0,7365.0,0.006523396684646014,0.01256281407035176,0.00847645595420076,0.06102593994212136,635481.0,10864.0,623409.0,81433.0,0.3333333333333333,0.4484536082474227
2021-02-04,158.0,7.0,165.0,9494.0,0.006291830222247325,0.012921751615218953,0.008752210532625962,0.0628566156225469,635639.0,10871.0,623574.0,90927.0,0.5,0.20618556701030927
2021-02-05,154.0,2.0,140.0,9152.0,0.005755273784982068,0.01148600143575018,0.007990888109582471,0.07626009068435051,635793.0,10873.0,623714.0,100079.0,0.6666666666666666,0.06701030927835051
2021-02-06,123.0,4.0,151.0,9510.0,0.005416396035130327,0.010050251256281407,0.007157629709558493,0.07728526906538881,635916.0,10877.0,623865.0,109589.0,0.8333333333333333,0.4381443298969072
2021-02-07,119.0,2.0,179.0,0.0,0.005297788822682218,0.00933237616654702,0.006965800437610527,0.07728526906538881,636035.0,10879.0,624044.0,109589.0,1.0,0.06701030927835051
2021-02-08,125.0,3.0,138.0,9740.0,0.005320380672672334,0.00933237616654702,0.006510205916734107,0.07999027545078558,636160.0,10882.0,624182.0,119329.0,0.0,0.14432989690721648
2021-02-09,100.0,0.0,144.0,12717.0,0.005241309197706928,0.008614501076812634,0.006414291280760123,0.08491113167976942,636260.0,10882.0,624326.0,132046.0,0.16666666666666666,0.0979381443298969
2021-02-10,127.0,2.0,131.0,14743.0,0.00511140606026376,0.007178750897343863,0.006282408656295897,0.09571651181591312,636387.0,10884.0,624457.0,146789.0,0.3333333333333333,0.13917525773195877
2021-02-11,142.0,2.0,135.0,15807.0,0.005021038660303296,0.005384063173007897,0.006102568713844678,0.10496215627233424,636529.0,10886.0,624592.0,162596.0,0.5,0.32989690721649484
2021-02-12,141.0,3.0,136.0,14843.0,0.004947615147835419,0.00574300071787509,0.006078590054851183,0.11329685651017563,636670.0,10889.0,624728.0,177439.0,0.6666666666666666,0.13402061855670103
2021-02-13,126.0,0.0,138.0,13768.0,0.004964559035328006,0.004307250538406317,0.006000659413122321,0.11953287014797719,636796.0,10889.0,624866.0,191207.0,0.8333333333333333,0.23711340206185566
2021-02-14,150.0,2.0,158.0,0.0,0.005139645872751405,0.004307250538406317,0.005874771453406469,0.11953287014797719,636946.0,10891.0,625024.0,191207.0,1.0,0.13402061855670103
2021-02-15,141.0,2.0,134.0,14965.0,0.00523001327271187,0.003948312993539124,0.0058507927944129725,0.12718509449215593,637087.0,10893.0,625158.0,206172.0,0.0,0.1958762886597938
2021-02-16,94.0,1.0,110.0,15053.0,0.005196125497726695,0.004307250538406317,0.0056469741929682585,0.13060626120373517,637181.0,10894.0,625268.0,221225.0,0.16666666666666666,0.42783505154639173
2021-02-17,134.0,0.0,75.0,15337.0,0.005235661235209399,0.0035893754486719313,0.005311272967059317,0.13147619828707338,637315.0,10894.0,625343.0,236562.0,0.3333333333333333,0.29381443298969073
2021-02-18,130.0,2.0,153.0,24417.0,0.00516788568523905,0.0035893754486719313,0.005419176932530048,0.14408589237384448,637445.0,10896.0,625496.0,260979.0,0.5,0.28350515463917525
2021-02-19,158.0,1.0,157.0,24321.0,0.005263901047697044,0.002871500358937545,0.005545064892245901,0.15796680765310306,637603.0,10897.0,625653.0,285300.0,0.6666666666666666,0.20103092783505155
2021-02-20,152.0,1.0,179.0,26110.0,0.005410748072632798,0.003230437903804738,0.005790846146929233,0.17604216705135264,637755.0,10898.0,625832.0,311410.0,0.8333333333333333,0.44329896907216493
2021-02-21,145.0,2.0,97.0,0.0,0.005382508260145153,0.003230437903804738,0.005425171597278422,0.17604216705135264,637900.0,10900.0,625929.0,311410.0,1.0,0.15979381443298968
2021-02-22,128.0,1.0,157.0,27219.0,0.0053090847476772755,0.002871500358937545,0.005563048886491023,0.19398864688170028,638028.0,10901.0,626086.0,338629.0,0.0,0.31443298969072164
2021-02-23,145.0,2.0,130.0,20466.0,0.005597130835051256,0.003230437903804738,0.005682942181458502,0.20191620484821501,638173.0,10903.0,626216.0,359095.0,0.16666666666666666,0.41237113402061853
2021-02-24,200.0,2.0,115.0,18599.0,0.005969896359888171,0.003948312993539124,0.00592272877139346,0.2066935361038535,638373.0,10905.0,626331.0,377694.0,0.3333333333333333,0.41237113402061853
2021-02-25,220.0,0.0,188.0,18945.0,0.006478212984665783,0.003230437903804738,0.006132542037586548,0.19867957024522268,638593.0,10905.0,626519.0,396639.0,0.5,0.3247422680412371
2021-02-26,256.0,1.0,193.0,13320.0,0.007031713309423626,0.003230437903804738,0.00634834996852801,0.1825681597169336,638849.0,10906.0,626712.0,409959.0,0.6666666666666666,0.520618556701031
2021-02-27,243.0,3.0,164.0,0.0,0.007545677896698766,0.003948312993539124,0.006258429997302401,0.144329006104205,639092.0,10909.0,626876.0,409959.0,0.8333333333333333,0.3556701030927835
2021-02-28,197.0,1.0,168.0,0.0,0.007839371946570275,0.0035893754486719313,0.006684051194436951,0.144329006104205,639289.0,10910.0,627044.0,409959.0,1.0,0.29381443298969073
2021-03-01,175.0,1.0,105.0,15521.0,0.008104826183954139,0.0035893754486719313,0.006372328627521506,0.12719681081651066,639464.0,10911.0,627149.0,425480.0,0.0,0.30927835051546393
2021-03-02,217.0,0.0,78.0,21277.0,0.008511479483776228,0.002871500358937545,0.006060606060606061,0.12838455319797074,639681.0,10911.0,627227.0,446757.0,0.16666666666666666,0.41237113402061853
2021-03-03,240.0,3.0,196.0,25054.0,0.008737397983677389,0.003230437903804738,0.00654617390522435,0.1378381624116882,639921.0,10914.0,627423.0,471811.0,0.3333333333333333,0.4484536082474227
2021-03-04,261.0,1.0,143.0,27959.0,0.008968964446076078,0.0035893754486719313,0.006276413991547523,0.15103953087837285,640182.0,10915.0,627566.0,499770.0,0.5,0.5927835051546392
2021-03-05,312.0,3.0,231.0,27057.0,0.009285250345937704,0.004307250538406317,0.006504211251985733,0.17115792433597732,640494.0,10918.0,627797.0,526827.0,0.6666666666666666,0.5927835051546392
2021-03-06,321.0,1.0,320.0,33247.0,0.009725791420744968,0.0035893754486719313,0.0074393789527320685,0.21984950381366358,640815.0,10919.0,628117.0,560074.0,0.8333333333333333,0.39690721649484534
2021-03-07,286.0,2.0,260.0,0.0,0.010228460083025049,0.003948312993539124,0.007990888109582471,0.21984950381366358,641101.0,10921.0,628377.0,560074.0,1.0,0.31958762886597936
2021-03-08,239.0,3.0,309.0,35738.0,0.010589929682866907,0.00466618808327351,0.009213799718250757,0.24945811999859405,641340.0,10924.0,628686.0,595812.0,0.0,0.5927835051546392
2021-03-09,320.0,4.0,234.0,34239.0,0.011171669820112395,0.006101938262742283,0.010148967418997092,0.2684414945343347,641660.0,10928.0,628920.0,630051.0,0.16666666666666666,0.38144329896907214
2021-03-10,370.0,3.0,279.0,30940.0,0.011905904944791167,0.006101938262742283,0.01064652459311213,0.27706178017832245,642030.0,10931.0,629199.0,660991.0,0.3333333333333333,0.30412371134020616
2021-03-11,409.0,3.0,286.0,29441.0,0.012741803394425462,0.0068198133524766695,0.011503761652129605,0.279232229265035,642439.0,10934.0,629485.0,690432.0,0.5,0.20103092783505155
2021-03-12,431.0,2.0,356.0,30575.0,0.013413910931631415,0.006460875807609476,0.012253094745676348,0.2843844829000246,642870.0,10936.0,629841.0,721007.0,0.6666666666666666,0.25257731958762886
2021-03-13,419.0,3.0,302.0,39853.0,0.013967411256389258,0.007178750897343863,0.012145190780205617,0.2940592377359375,643289.0,10939.0,630143.0,760860.0,0.8333333333333333,0.24742268041237114
2021-03-14,407.0,2.0,350.0,0.0,0.014650814718590269,0.007178750897343863,0.012684710607559272,0.2940592377359375,643696.0,10941.0,630493.0,760860.0,1.0,0.14432989690721648
2021-03-15,368.0,3.0,306.0,39742.0,0.015379401880771512,0.007178750897343863,0.012666726613314151,0.2999232580754766,644064.0,10944.0,630799.0,800602.0,0.0,0.35051546391752575
2021-03-16,425.0,1.0,257.0,38437.0,0.015972437943012056,0.006101938262742283,0.01280460390252675,0.3060713992806177,644489.0,10945.0,631056.0,839039.0,0.16666666666666666,0.4845360824742268
2021-03-17,536.0,3.0,319.0,28394.0,0.016909999717601876,0.006101938262742283,0.01304439049246171,0.30234267905472695,645025.0,10948.0,631375.0,867433.0,0.3333333333333333,0.28350515463917525
2021-03-18,607.0,1.0,384.0,40564.0,0.01802829629211262,0.005384063173007897,0.013631867637802357,0.31863276352942554,645632.0,10949.0,631759.0,907997.0,0.5,0.4175257731958763
2021-03-19,716.0,4.0,471.0,29499.0,0.01963796560390839,0.006101938262742283,0.01432125408386536,0.31705691790371526,646348.0,10953.0,632230.0,937496.0,0.6666666666666666,0.3556701030927835
2021-03-20,813.0,2.0,567.0,46769.0,0.021863262827934823,0.00574300071787509,0.015909840242184455,0.32718568030837364,647161.0,10955.0,632797.0,984265.0,0.8333333333333333,0.3247422680412371
2021-03-21,823.0,1.0,613.0,390.0,0.024212815226906895,0.005384063173007897,0.017486437071006805,0.32775685112066644,647984.0,10956.0,633410.0,984655.0,1.0,0.36082474226804123
2021-03-22,888.0,7.0,565.0,46062.0,0.02714975572562198,0.0068198133524766695,0.019039055240835656,0.3370127473608979,648872.0,10963.0,633975.0,1030717.0,0.0,0.5721649484536082
2021-03-23,1101.0,4.0,620.0,39010.0,0.030967778373951597,0.007896625987078248,0.021215118544495398,0.33785192909280504,649973.0,10967.0,634595.0,1069727.0,0.16666666666666666,0.26288659793814434
2021-03-24,1254.0,6.0,769.0,24702.0,0.03502301544717743,0.008973438621679828,0.023912717681263674,0.33244484540310015,651227.0,10973.0,635364.0,1094429.0,0.3333333333333333,0.9536082474226804
2021-03-25,1515.0,5.0,903.0,40203.0,0.04015136539493378,0.0104091888011486,0.027023948685669753,0.33191614626659327,652742.0,10978.0,636267.0,1134632.0,0.5,0.42783505154639173
2021-03-26,1534.0,9.0,971.0,21914.0,0.04477139871791251,0.012203876525484566,0.030021281059856728,0.3208076062377711,654276.0,10987.0,637238.0,1156546.0,0.6666666666666666,0.7061855670103092
2021-03-27,1558.0,10.0,974.0,40329.0,0.04897913077857163,0.015075376884422112,0.03246110961244492,0.3113759651322187,655834.0,10997.0,638212.0,1196875.0,0.8333333333333333,0.33505154639175255
2021-03-28,1881.0,9.0,952.0,0.0,0.054954675100957334,0.017946877243359655,0.034493300962143696,0.31080479431992597,657715.0,11006.0,639164.0,1196875.0,1.0,0.14948453608247422
2021-03-29,1904.0,6.0,1411.0,352.0,0.06069300499844681,0.017587939698492462,0.039564787339268055,0.24386064603812493,659619.0,11012.0,640575.0,1197227.0,0.0,0.29896907216494845
2021-03-30,992.0,4.0,1591.0,40728.0,0.06007737708621615,0.017587939698492462,0.04538560680993915,0.2463767266933018,660611.0,11016.0,642166.0,1237955.0,0.16666666666666666,0.31443298969072164
2021-03-31,1819.0,11.0,399.0,27697.0,0.06326847589732006,0.019382627422828428,0.043167580853040795,0.25076302562360137,662430.0,11027.0,642565.0,1265652.0,0.3333333333333333,0.5309278350515464
2021-04-01,2790.0,9.0,1121.0,71101.0,0.07046962808166955,0.0208183776022972,0.044474417768186315,0.29601439936263196,665220.0,11036.0,643686.0,1336753.0,0.5,0.6082474226804123
2021-04-02,3594.0,14.0,2084.0,93160.0,0.08210443082657932,0.022613065326633167,0.05114647963312652,0.4003570549847102,668814.0,11050.0,645770.0,1429913.0,0.6666666666666666,0.4484536082474227
2021-04-03,3567.0,10.0,2904.0,68854.0,0.09345118748411511,0.022613065326633167,0.06271618259748823,0.44213307401202095,672381.0,11060.0,648674.0,1498767.0,0.8333333333333333,0.36597938144329895
2021-04-04,4033.0,21.0,2677.0,84280.0,0.10560560277879756,0.026920315865039485,0.0730569792884333,0.5655645510890324,676414.0,11081.0,651351.0,1583047.0,1.0,0.30412371134020616
2021-04-05,3548.0,15.0,2936.0,89491.0,0.11489085312473526,0.030150753768844223,0.08219884302970357,0.6961122306709939,679962.0,11096.0,654287.0,1672538.0,0.0,0.5670103092783505
2021-04-06,5100.0,17.0,2330.0,83451.0,0.13809268306458447,0.034816941852117735,0.0866289002787519,0.7586817963468501,685062.0,11113.0,656617.0,1755989.0,0.16666666666666666,1.0
2021-04-07,5506.0,20.0,3363.0,43417.0,0.15891672079297395,0.03804737975592247,0.10439708659293229,0.7817043737038817,690568.0,11133.0,659980.0,1799406.0,0.3333333333333333,0.5618556701030928
2021-04-08,7437.0,24.0,3687.0,98147.0,0.18516280251899128,0.04343144292893037,0.11977939633725984,0.8213143372661129,698005.0,11157.0,663667.0,1897553.0,0.5,0.07731958762886598
2021-04-09,8521.0,39.0,5032.0,59240.0,0.21299031374431676,0.0524048815506102,0.13745166801546624,0.7716371220020856,706526.0,11196.0,668699.0,1956793.0,0.6666666666666666,0.13402061855670103
2021-04-10,7897.0,39.0,5716.0,105918.0,0.2374459913586174,0.0628140703517588,0.15430866528789378,0.8259188527375192,714423.0,11235.0,674415.0,2062711.0,0.8333333333333333,0.5103092783505154
2021-04-11,10774.0,48.0,5158.0,83029.0,0.2755189065544605,0.07250538406317301,0.16918142852860954,0.8240867125165493,725197.0,11283.0,679573.0,2145740.0,1.0,0.10309278350515463
2021-04-12,11491.0,72.0,7665.0,90187.0,0.3203806726723335,0.09296482412060302,0.19753019812366993,0.8251060327354103,736688.0,11355.0,687238.0,2235927.0,0.0,0.4896907216494845
2021-04-13,13468.0,81.0,7972.0,69059.0,0.3676428228516563,0.11593682699210338,0.23135209663399575,0.8040283652212628,750156.0,11436.0,695210.0,2304986.0,0.16666666666666666,0.17525773195876287
2021-04-14,17282.0,104.0,9952.0,72028.0,0.434153229222558,0.1460875807609476,0.27085094266103166,0.8459303347353868,767438.0,11540.0,705162.0,2377014.0,0.3333333333333333,0.6804123711340206
2021-04-15,16699.0,112.0,13014.0,77951.0,0.48646465787467175,0.1776740847092606,0.3267631807691155,0.8163524739018875,784137.0,11652.0,718176.0,2454965.0,0.5,0.3711340206185567
2021-04-16,19486.0,141.0,12649.0,49129.0,0.5483945666600774,0.2142857142857143,0.37242454215747983,0.8015445044580615,803623.0,11793.0,730825.0,2504094.0,0.6666666666666666,0.19072164948453607
2021-04-17,24375.0,167.0,15414.0,68623.0,0.6414616926943605,0.26022972002871503,0.4305608008872104,0.7469244648568851,827998.0,11960.0,746239.0,2572717.0,0.8333333333333333,0.31443298969072164
2021-04-18,25462.0,161.0,20159.0,48578.0,0.7244189658580666,0.3007896625987078,0.520486766777568,0.696469578563813,853460.0,12121.0,766398.0,2621295.0,1.0,0.6237113402061856
2021-04-19,23686.0,240.0,21500.0,60870.0,0.7932958685154331,0.3610911701363963,0.6034229535713216,0.6535336434253846,877146.0,12361.0,787898.0,2682165.0,0.0,0.4536082474226804
2021-04-20,28395.0,277.0,19430.0,50357.0,0.8776030047160487,0.4314429289303661,0.6721098222581903,0.6261438061651299,905541.0,12638.0,807328.0,2732522.0,0.16666666666666666,0.4587628865979381
2021-04-21,24638.0,249.0,24600.0,54610.0,0.9191494168478721,0.48348887293610915,0.7599196714923718,0.6006344389638083,930179.0,12887.0,831928.0,2787132.0,0.3333333333333333,0.7371134020618556
2021-04-22,26169.0,306.0,19609.0,68618.0,0.9726356216994719,0.5531227566403446,0.799454485507898,0.5869658820634791,956348.0,13193.0,851537.0,2855750.0,0.5,0.18556701030927836
2021-04-23,24331.0,348.0,23572.0,36250.0,1.0000000000000002,0.6274228284278536,0.8649342085543866,0.5681040643929187,980679.0,13541.0,875109.0,2892000.0,0.6666666666666666,0.28865979381443296
2021-04-24,24103.0,357.0,22695.0,70253.0,0.9984637542006721,0.6956209619526202,0.9085813625872973,0.5704912654801936,1004782.0,13898.0,897804.0,2962253.0,0.8333333333333333,0.11855670103092783
2021-04-25,22933.0,350.0,21071.0,41242.0,0.9841800570444212,0.7634601579325198,0.9140484968378143,0.5597473960469121,1027715.0,14248.0,918875.0,3003495.0,1.0,0.041237113402061855
2021-04-26,20201.0,380.0,22055.0,58059.0,0.9644969077405326,0.8137114142139268,0.9173755357731619,0.5556305725767712,1047916.0,14628.0,940930.0,3061554.0,0.0,0.17010309278350516
2021-04-27,24149.0,381.0,17862.0,53311.0,0.9405156589760244,0.8510409188801149,0.9079759014477116,0.5599568253447529,1072065.0,15009.0,958792.0,3114865.0,0.16666666666666666,0.04639175257731959
2021-04-28,25986.0,368.0,24130.0,33053.0,0.9481291124226935,0.8937544867193109,0.9051584090159758,0.5283857248304062,1098051.0,15377.0,982922.0,3147918.0,0.3333333333333333,0.07731958762886598
2021-04-29,24235.0,395.0,25615.0,77021.0,0.9372059529524724,0.925699928212491,0.9411623654947097,0.5406922590244988,1122286.0,15772.0,1008537.0,3224939.0,0.5,0.17525773195876287
2021-04-30,27047.0,375.0,25288.0,47189.0,0.9525458190957612,0.9353912419239053,0.9514492102029194,0.5567128680390389,1149333.0,16147.0,1033825.0,3272128.0,0.6666666666666666,0.05154639175257732
2021-05-01,25219.0,412.0,27421.0,56518.0,0.9588489452430036,0.9551328068916008,0.9797799958037346,0.536597403662523,1174552.0,16559.0,1061246.0,3328646.0,0.8333333333333333,0.04639175257731959
2021-05-02,20394.0,407.0,24444.0,-3724.0,0.9445087684617774,0.9755922469490309,1.0,0.47074287354571126,1194946.0,16966.0,1085690.0,3324922.0,1.0,0.020618556701030927
2021-05-03,18043.0,448.0,20293.0,89286.0,0.9323204653921098,1.0,0.9894374007133652,0.5164760811238298,1212989.0,17414.0,1105983.0,3414208.0,0.0,0.07216494845360824
2021-05-04,19953.0,338.0,18788.0,90500.0,0.908621614752478,0.9845656855707108,0.9949884602703594,0.5709408794273061,1232942.0,17752.0,1124771.0,3504708.0,0.16666666666666666,0.09278350515463918
2021-05-05,20960.0,311.0,19209.0,67603.0,0.8802349552398973,0.9641062455132807,0.9654887150436112,0.6215407552342679,1253902.0,18063.0,1143980.0,3572311.0,0.3333333333333333,0.05154639175257732
2021-05-06,19133.0,335.0,20028.0,115472.0,0.8514190505775041,0.9425699928212491,0.9319965230944459,0.6778538037047018,1273035.0,18398.0,1164008.0,3687783.0,0.5,0.03608247422680412
2021-05-07,19832.0,341.0,19085.0,80264.0,0.8106690011578324,0.9303661162957646,0.8948116176602824,0.7262934822087614,1292867.0,18739.0,1183093.0,3768047.0,0.6666666666666666,0.020618556701030927
2021-05-08,17364.0,332.0,20160.0,129142.0,0.7663042557397419,0.9016511127063891,0.8512843569223392,0.8326542747009409,1310231.0,19071.0,1203253.0,3897189.0,0.8333333333333333,0.0
2021-05-09,13336.0,273.0,14738.0,1782.0,0.7264409364321821,0.8535534816941852,0.7931001408746216,0.8407180349380793,1323567.0,19344.0,1217991.0,3898971.0,1.0,0.0
2021-05-10,12651.0,319.0,13306.0,140752.0,0.6959871226455057,0.8072505384063173,0.7512154182777329,0.9160920785931038,1336218.0,19663.0,1231297.0,4039723.0,0.0,0.0
2021-05-11,12481.0,347.0,13583.0,129414.0,0.6537855468639688,0.8104809763101221,0.7200131882624464,0.9730832093355672,1348699.0,20010.0,1244880.0,4169137.0,0.16666666666666666,0.0
2021-05-12,13287.0,300.0,14071.0,74721.0,0.6104487306204287,0.8065326633165829,0.6892126007853011,0.9835078089301824,1361986.0,20310.0,1258951.0,4243858.0,0.3333333333333333,0.005154639175257732
2021-05-13,10489.0,308.0,15189.0,123540.0,0.5616277427917878,0.7968413496051687,0.6602044180679195,0.995323722041921,1372475.0,20618.0,1274140.0,4367398.0,0.5,0.0
2021-05-14,8506.0,289.0,14140.0,5343.0,0.49765891954477426,0.7781765972720747,0.6305608008872103,0.8855988799193917,1380981.0,20907.0,1288280.0,4372741.0,0.6666666666666666,0.0
2021-05-15,6430.0,337.0,11592.0,118051.0,0.435904097596792,0.7799712849964107,0.5791985133231424,0.869355660742112,1387411.0,21244.0,1299872.0,4490792.0,0.8333333333333333,0.0
2021-05-16,6456.0,262.0,9706.0,90987.0,0.3970461156137923,0.7760229720028715,0.5490333603093247,1.0,1393867.0,21506.0,1309578.0,4581779.0,1.0,0.0
2021-05-17,4524.0,340.0,10918.0,113237.0,0.351145124396374,0.7835606604450825,0.5347181008902078,0.9597031669224731,1398391.0,21846.0,1320496.0,4695016.0,0.0,0.0
2021-05-18,4482.0,265.0,9403.0,105708.0,0.3059670723786394,0.7541277817659727,0.5096604022420046,0.9249847687783389,1402873.0,22111.0,1329899.0,4800724.0,0.16666666666666666,0.0
2021-05-19,3846.0,235.0,9427.0,68929.0,0.252644658439468,0.7307968413496052,0.481821179150556,0.9165021499455192,1406719.0,22346.0,1339326.0,4869653.0,0.3333333333333333,0.0
2021-05-20,3231.0,233.0,7831.0,101346.0,0.21165174663240238,0.7038765254845657,0.4377124359320205,0.8839981371044277,1409950.0,22579.0,1347157.0,4970999.0,0.5,0.0
2021-05-21,3009.0,252.0,7288.0,50433.0,0.18060489678348537,0.6905958363244795,0.39663699307616224,0.9500342702487375,1412959.0,22831.0,1354445.0,5021432.0,0.6666666666666666,0.0
2021-05-22,2260.0,182.0,6453.0,64271.0,0.15705289316878937,0.6349605168700646,0.3658304109342685,0.8712712797741093,1415219.0,23013.0,1360898.0,5085703.0,0.8333333333333333,0.0
2021-05-23,1649.0,189.0,5158.0,6209.0,0.1299031374431674,0.6087580760947595,0.3385666756586638,0.7471104615060163,1416868.0,23202.0,1366056.0,5091912.0,1.0,0.0
2021-05-24,1550.0,207.0,4375.0,0.0,0.11310609697551609,0.5610193826274229,0.2993435842100531,0.5812702838865391,1418418.0,23409.0,1370431.0,5091912.0,0.0,0.0
2021-05-25,,,,,188773.98496169597,272687.9105067253,221457.5786665082,338700.8622816205,,,,,1.0,202298.06182533503
2021-05-26,,,,,273445.6585806608,377387.68903553486,234442.4808178842,409696.02716624737,,,,,2.0,206745.93495354056
2021-05-27,,,,,305602.5462976098,476114.3417620659,239621.91928178072,471103.0226498842,,,,,3.0,205298.02741795778
2021-05-28,,,,,310929.504070878,514220.6631219387,238550.94397589564,503986.9377833605,,,,,4.0,188008.934003897
2021-05-29,,,,,338952.8223282099,570332.265753746,223102.8381958604,563928.8607883453,,,,,5.0,151263.69421988726
2021-05-30,,,,,320806.6122829914,600916.7011606693,229941.77786797285,608989.3427538872,,,,,6.0,132356.1110420525
2021-05-31,,,,,316968.9573660493,628432.0257508755,238501.22210115194,638461.7557930946,,,,,0.0,115635.4460889101
2021-06-01,,,,,298225.9792909026,642305.8165633678,253492.4227412045,637714.9620449543,,,,,1.0,77616.94929480553
2021-06-02,,,,,288847.8522273898,646539.6318233013,260818.14922332764,614889.5241439342,,,,,2.0,62778.016949296
2021-06-03,,,,,283072.16812193394,622231.2441527843,206540.99249847233,609129.3217301369,,,,,3.0,23217.281944155693
2021-06-04,,,,,237203.73603254557,587100.9112870693,185716.77628906444,575763.5429012775,,,,,4.0,-4289.325619935989
2021-06-05,,,,,225190.85616603494,581864.068145752,136017.41767130792,537039.980108738,,,,,5.0,-65472.25342988968
2021-06-06,,,,,190308.9466721192,556171.5940237045,146569.98987428844,553137.9845094681,,,,,6.0,-5612.85723388195
2021-06-07,,,,,200536.48909583688,496880.93629181385,127528.30327019095,530432.1155017614,,,,,0.0,2699.977476000786
2021-06-08,,,,,171546.7111323122,449875.7765585184,124307.79480621219,552849.0773582458,,,,,1.0,-937.3652464151382
2021-06-09,,,,,163479.16711296886,435517.94807076454,119314.62209403515,543398.0480957031,,,,,2.0,-6473.310027122498
2021-06-10,,,,,161804.9651573226,397037.3855727911,117689.2555359006,550655.0884222984,,,,,3.0,-25484.299718737602
2021-06-11,,,,,151781.6792241484,380036.2297254801,119898.79475995898,518285.7100021839,,,,,4.0,-33424.37075257301
2021-06-12,,,,,158979.91260353476,341386.86718791723,121703.17695245147,499921.29991829395,,,,,5.0,-32605.64570903778
2021-06-13,,,,,155868.26143298298,363000.8178651333,119096.04741320014,522485.24814248085,,,,,6.0,-49651.58976316452
2021-06-14,,,,,141360.44284440577,394608.54349017143,115507.7775375545,550933.526699543,,,,,0.0,-57592.019609212875
2021-06-15,,,,,120030.47356545925,381942.4512666464,116784.07257899642,522591.3299179077,,,,,1.0,-63916.52810096741
2021-06-16,,,,,128595.25776863098,380701.00322306156,106470.60650274158,550616.463342905,,,,,2.0,-72551.2384724617
2021-06-17,,,,,141699.49400238693,405638.15653026104,114316.32047787309,550935.468506813,,,,,3.0,-84829.70797300339
2021-06-18,,,,,133726.05079442263,402095.4558056593,108591.5138335526,568060.6889533997,,,,,4.0,-82042.37027645111
2021-06-19,,,,,115299.52398449183,359773.99852752686,111195.00248417258,563380.6801533699,,,,,5.0,-89679.70933556557
2021-06-20,,,,,115286.69644787908,322819.5593509078,114847.32033982873,523159.604036808,,,,,6.0,-101389.63033139706
2021-06-21,,,,,115206.34361878037,276685.7856300473,116459.2208866775,521259.3345570564,,,,,0.0,-109654.82744336128
2021-06-22,,,,,114331.46974056959,247819.93408352137,111594.34464722872,521533.9525395632,,,,,1.0,-102192.86312997341
2021-06-23,,,,,111505.51751792431,232684.24293130636,206750.49397930503,519490.72805285454,,,,,2.0,-103140.63393056393
